Price,Close,High,Low,Open,Volume
Ticker,NKE,NKE,NKE,NKE,NKE
Date,,,,,
2020-01-02,94.27327728271484,94.28250364465643,93.1847988161268,93.4984317832719,5644100
2020-01-03,94.0149917602539,94.0887885775865,92.52986424028181,92.78814606329402,4541800
2020-01-06,93.9319839477539,93.94120327249905,93.04644317419925,93.12023296042278,4612400
2020-01-07,93.8858413696289,94.77138197525645,92.99107440335337,93.91351341392178,6719900
2020-01-08,93.67369842529297,94.21793414530005,93.0279867981998,93.45230796235418,4942200
2020-01-09,93.60913848876953,94.46700727554514,93.52611529642196,94.03345970062102,5007500
2020-01-10,93.07412719726562,94.0242385545258,92.9449862576955,93.98734013784099,5135300
2020-01-13,94.23639678955078,94.40242909775465,93.00032453980505,93.16636388566185,6722400
2020-01-14,94.93743896484375,95.83220609780814,94.4116489123748,94.50389142308555,5088500
2020-01-15,94.81753540039062,95.65695149415117,94.53158147273035,95.24185662898928,4209200
2020-01-16,95.35254669189453,95.5370317246777,94.87287434641367,94.90054639756585,6571700
2020-01-17,96.42257690429688,96.44102963100026,95.3248719080014,95.40789510286021,6271200
2020-01-21,96.46869659423828,96.57016547279432,95.75841444434599,96.16428995857015,4854700
2020-01-22,96.38565063476562,97.42801122503327,96.32108018526993,96.85609650260632,5031400
2020-01-23,95.02965545654297,96.2749536419604,94.66068551472354,95.96132074623324,7102900
2020-01-24,94.11647033691406,95.83220780986517,93.77517233742172,95.55547323513657,3839300
2020-01-27,92.46531677246094,92.89886438500997,90.40828100088835,90.59276605243306,9841400
2020-01-28,92.62210845947266,93.21246888891244,91.8011312297049,92.55753096977783,5673200
2020-01-29,92.0963363647461,93.44310393633174,91.47830372257607,93.23093980069326,4503700
2020-01-30,90.5743179321289,92.01332100099768,89.81791798084488,91.33993720938528,7065100
2020-01-31,88.83088684082031,90.81412524658037,88.48035548386974,90.500499335258,8780300
2020-02-03,91.57051849365234,93.09254428542619,90.92481399418526,91.32146305461539,9727000
2020-02-04,93.51688385009766,94.8083001416005,93.40619564985484,94.00578253922966,6559600
2020-02-05,92.74203491210938,94.06112320551775,91.81036938071266,93.86741182451192,6108300
2020-02-06,92.49295806884766,93.65523321250681,92.39149625059567,93.07409915950286,5641800
2020-02-07,91.72736358642578,92.61290444425055,91.29381600196244,92.06866161343918,4121800
2020-02-10,92.26236724853516,92.71436753129298,91.32148234518229,91.52442009864046,4213900
2020-02-11,92.26236724853516,92.56677387872242,91.72735785209863,92.30849202437663,4871800
2020-02-12,95.01122283935547,95.08501965292724,92.64978110627045,92.92650860068738,8075600
2020-02-13,95.35254669189453,95.69384470630868,93.79362212556106,94.5592483831517,5386800
2020-02-14,95.50935363769531,95.83220594348926,94.50389127090567,95.50012727534336,4305300
2020-02-18,94.08881378173828,95.36177755228881,93.72906299793806,95.01125313253964,4916200
2020-02-19,94.51311492919922,95.37098362442342,94.4854428805875,94.69760698269768,6200500
2020-02-20,94.57768249511719,94.66992500021834,92.75125696609737,94.51311203778117,6427600
2020-02-21,92.47454071044922,94.16260633464935,91.9026258054179,94.08880950090594,5750900
2020-02-24,88.47115325927734,89.54117914679603,87.86233996647553,88.12984819776847,8364200
2020-02-25,85.69461059570312,89.25522678268035,85.43632872309806,88.87702329947064,9602100
2020-02-26,84.86442565917969,87.30889150145863,84.85519929454313,85.86066191030271,9308400
2020-02-27,81.6819839477539,85.84217916193712,81.63585917835516,83.01951780849679,12825700
2020-02-28,82.67634582519531,82.75959934224129,78.76360695345916,79.5776029199451,16552400
2020-03-02,85.7288589477539,86.15435739940476,81.3166193270354,82.87986195094913,14102000
2020-03-03,84.11012268066406,87.85636982019062,83.77712262127596,85.78436788240258,14767600
2020-03-04,86.755615234375,86.78336406184889,84.02686526552063,85.17386855375328,6904400
2020-03-05,83.78636169433594,84.8038585827532,83.19436324808669,84.41536092562302,8851100
2020-03-06,81.73287200927734,82.68561938157784,79.43887251228,81.73287200927734,12336400
2020-03-09,77.8016128540039,80.23435600740648,74.85086581859048,75.74811535958939,13272700
2020-03-10,81.67737579345703,81.76987423816007,76.66387822727651,80.18812754504758,12755900
2020-03-11,77.69984436035156,78.28259065247092,75.91459765407075,77.69984436035156,16172000
2020-03-12,68.6348876953125,72.60313221229536,67.52489228877938,72.36263767709302,21534800
2020-03-13,69.911376953125,72.33486811236683,66.3778835401102,72.33486811236683,21859600
2020-03-16,61.78064727783203,67.4971379769989,58.617150746245855,60.383897643328886,17976700
2020-03-17,64.60187530517578,67.8301243244479,57.71989302683518,62.446634715683246,17122100
2020-03-18,62.936893463134766,63.20514385230533,55.49990530535575,59.930648592428,19498800
2020-03-19,65.06439208984375,67.25664110869327,59.338656086842605,62.01190122783224,16177200
2020-03-20,62.39114761352539,68.50538842101419,62.159897982552835,66.14664641940128,15761900
2020-03-23,58.089900970458984,61.86389274767553,56.036406845677966,60.12489823171164,17690000
2020-03-24,66.90513610839844,67.21038727477205,59.199897726244295,60.772392186726556,18849500
2020-03-25,73.08414459228516,77.22813455142662,70.48489361251794,74.10164168582206,27053200
2020-03-26,77.9773941040039,80.34538854416057,74.00914878981067,74.1571449137304,17200800
2020-03-27,76.98764038085938,79.30938190021881,73.54664428997081,75.57238652501616,14183400
2020-03-30,78.97638702392578,79.51288796744305,75.3873945831297,77.69989134948338,10960100
2020-03-31,76.53437805175781,79.30012879745436,76.21988193220052,78.74512402170569,9610100
2020-04-01,73.28762817382812,75.09137227616088,72.64012504329433,73.52812268268721,9771300
2020-04-02,74.12935638427734,75.47985293129344,71.37286565564251,73.0748589837692,12731300
2020-04-03,72.94537353515625,73.80562231937895,72.06662788830815,73.40787272974528,8476900
2020-04-06,78.28262329101562,78.66187607691299,75.11913000253278,75.76663320980612,11266500
2020-04-07,77.84786987304688,82.20461155407507,77.72761556268965,82.04735646031392,10468100
2020-04-08,78.90235900878906,79.33710228834978,77.33910959979836,78.34735437463532,6642700
2020-04-09,80.2806167602539,80.83561442184553,78.772871819114,80.188118326185,7773600
2020-04-13,78.12538146972656,79.54062820873297,77.82938219788979,79.36488327235381,5077600
2020-04-14,80.90962982177734,81.18712517141608,79.06888455761,79.50362797776198,6397200
2020-04-15,78.66184997558594,79.43884509787937,77.43160064144493,78.5046019709089,8053900
2020-04-16,79.82736206054688,80.04010773337876,78.20861491493932,79.02261093900378,9373800
2020-04-17,83.16661071777344,83.48110679081425,81.73286035445065,82.32485877432097,8111400
2020-04-20,81.307373046875,82.73187164480103,80.95586908521268,81.79762114374213,7244400
2020-04-21,78.80986785888672,80.38236951290017,78.70811746127262,79.54061750667053,6597000
2020-04-22,82.11211395263672,82.73186831269848,79.93836888343911,80.45637284366292,6463000
2020-04-23,80.79861450195312,82.8151114378314,80.71536802755317,82.26936573095642,5343500
2020-04-24,81.74211883544922,82.43586770068798,81.07611879567148,82.22311494352293,4450100
2020-04-27,82.6671142578125,83.12961348415931,80.76161264638253,81.75136070847756,6875100
2020-04-28,82.13984680175781,83.9065897761665,81.98259173699272,83.75859372701741,5145400
2020-04-29,81.46460723876953,84.53560158541292,81.24260960304935,83.24985439871803,9461400
2020-04-30,80.64137268066406,81.39987119817812,80.0216253550372,80.47487266183518,9371400
2020-05-01,79.12437438964844,79.65162326470742,78.4491223636781,79.2446216568799,6151200
2020-05-04,79.31859588623047,79.36484861923871,77.98659621596705,78.32884809156981,6348900
2020-05-05,80.65984344482422,81.89009279377633,79.57759720123921,80.0493482781262,6321500
2020-05-06,81.80686950683594,82.03811913157739,80.87261904687045,81.44612065681353,7342300
2020-05-07,81.9178466796875,83.47184409629948,81.75134670443704,82.69484891658196,4565900
2020-05-08,83.67536163330078,83.84186164194685,82.87061041531507,83.3516135768163,5488000
2020-05-11,84.11012268066406,84.56337001703928,82.45437434570077,82.74112165238193,4937600
2020-05-12,81.640380859375,84.79462251019768,81.53863044575044,84.66512326688998,5622600
2020-05-13,79.56835174560547,81.15934997244402,78.80985341155186,80.82635001533004,6739800
2020-05-14,80.0586166381836,80.08636546183072,77.80161821917767,78.6248662542063,7431800
2020-05-15,80.46562194824219,80.68762668157584,78.51387444171854,78.85612644605709,9165000
2020-05-18,84.21186065673828,84.72985753611185,83.13885905554652,83.70310868079767,8517200
2020-05-19,84.64662170410156,86.78336615733186,84.00837042807522,84.03611925621914,6514100
2020-05-20,85.97860717773438,86.82035919455659,85.74735755427928,86.20985680118947,6347000
2020-05-21,87.19035339355469,87.30134868780429,85.44210693734429,85.91385105226092,7504300
2020-05-22,86.71861267089844,87.55111276397481,86.34861184540019,87.33835999573022,4049500
2020-05-26,89.37335205078125,90.12259853087446,88.13385046815625,88.781353612183,7185200
2020-05-27,92.37957000732422,92.49056527140654,90.29832411966859,90.76082320581429,7915900
2020-05-28,91.07534790039062,93.13809757985712,90.8810990698508,92.58309285582537,7260700
2020-05-29,91.41380310058594,92.03509625899635,89.88374718862869,91.05215442182278,10332500
2020-06-01,92.30402374267578,92.52657516232439,90.7739676986797,91.2468956558673,4295400
2020-06-02,93.41680145263672,93.546623722476,91.63637568788398,92.19275785502133,10798700
2020-06-03,96.54183197021484,96.94984888996984,93.76918890362131,93.89901118267362,5867700
2020-06-04,93.91754150390625,96.34708553686654,93.16642598016828,96.12453409923727,8775000
2020-06-05,95.24360656738281,97.07967571752255,94.705767343376,96.43983225879775,8363600
2020-06-08,96.70873260498047,96.71800764486636,95.24358759344085,95.5588752765184,6165400
2020-06-09,95.16940307617188,96.22653124847561,94.98394472392944,95.34559346315005,5385900
2020-06-10,94.69645690917969,95.65158061067665,94.31625819122729,95.51248334618721,5194200
2020-06-11,88.25170135498047,91.79400963206258,87.98278179333083,91.22835246355515,10976900
2020-06-12,89.42009735107422,90.69050882657879,87.85294830662909,90.69050882657879,7416400
2020-06-15,90.72760772705078,90.95016624147392,86.64746734291778,87.0740272167214,8645300
2020-06-16,91.84037780761719,93.97317714720722,90.61633429430994,93.88972301153707,6054400
2020-06-17,91.99800872802734,92.95313258209501,91.70127115128028,91.80327535654789,3405500
2020-06-18,91.29326629638672,92.19275418358316,90.73688415140647,91.51582481420508,4392400
2020-06-19,88.81734466552734,92.71203310698706,88.81734466552734,92.7027580684373,10304000
2020-06-22,92.27620697021484,92.30402501370621,89.03990446492989,89.80957001717465,6918200
2020-06-23,94.51100158691406,94.7891961454909,93.38896246360878,93.79697926291307,6499000
2020-06-24,92.80476379394531,94.44609190516127,90.95942020518812,93.6022473275793,8611600
2020-06-25,94.02881622314453,94.28846073364772,91.61782238660899,92.01656419196242,11531400
2020-06-26,86.86072540283203,91.59925821483763,86.76799624545906,91.33961374428081,24918500
2020-06-29,88.90081787109375,89.02136508939729,86.88855872088416,86.88855872088416,9624200
2020-06-30,90.9223403930664,91.15416685294187,88.68752992397161,89.02136059217483,9065500
2020-07-01,90.31958770751953,91.54363109912973,90.05066817245903,91.33962268806438,5733800
2020-07-02,91.27468872070312,92.41527769948453,90.89449003618262,91.59924425945226,5354900
2020-07-06,92.68421936035156,92.75840552828653,91.84037469313394,92.37821379848894,4995000
2020-07-07,90.0135726928711,92.3132941634565,89.8744754095066,92.00728155501095,6352900
2020-07-08,91.65489959716797,91.7847289147391,89.91156728343618,90.4123132519593,5634600
2020-07-09,89.93938446044922,91.71981691190393,89.3644594121298,91.38598626943002,6282300
2020-07-10,90.86669921875,90.92234238118864,88.76171802995714,89.94866839850839,3967000
2020-07-13,89.44793701171875,91.74765903292241,89.26247863934994,91.10781562111822,4845600
2020-07-14,89.72610473632812,90.18048256471286,88.56697256968657,89.32736298801218,4850600
2020-07-15,91.37672424316406,91.84037719320561,90.2361348731575,91.25617702307497,5343700
2020-07-16,90.18978881835938,91.08927682295788,89.98578035445657,90.41234029044256,3594700
2020-07-17,89.28099822998047,90.16194295463595,89.05844682655218,89.90229139672446,7405700
2020-07-20,88.6968002319336,89.34591145504636,88.19605425634016,88.5577029484718,5822300
2020-07-21,91.20980072021484,91.80327587707399,89.11408759299118,89.87447807989082,5855600
2020-07-22,91.7198257446289,91.79400483638099,90.79251988729665,91.02434635162972,4097000
2020-07-23,91.15415954589844,92.89749183749238,90.6163205041536,91.2005205892879,4530500
2020-07-24,91.27468872070312,92.13708319496804,90.59775253292909,91.00576925294523,5638400
2020-07-27,90.1434097290039,91.24690606337774,89.84667211069954,89.91158324361666,4273400
2020-07-28,89.2717514038086,90.38452292218106,89.16975424587199,89.90231980845118,3822600
2020-07-29,89.92085266113281,90.45869177154752,89.29955941709295,89.42010663503454,6872400
2020-07-30,89.78174591064453,90.1619446787706,88.835897121901,89.45719030052575,4018400
2020-07-31,90.51432037353516,90.55141345478336,89.29955203047945,89.84665906063125,5509900
2020-08-03,91.1820068359375,92.07221980708415,90.7090787630589,90.90381218723626,5472700
2020-08-04,90.25466918945312,90.82959421922929,89.53137184568224,90.68122898001592,7539300
2020-08-05,93.6022720336914,93.88973463630147,90.02287022626552,90.05996331608353,7217500
2020-08-06,93.14787292480469,93.82480933089903,92.7584061526979,93.3240633061407,4060900
2020-08-07,94.45536804199219,94.50173616126085,92.62857450940136,93.65788449908673,5545600
2020-08-10,97.74729919433594,99.06407161681143,94.95610700038795,95.02101811769923,12678000
2020-08-11,97.47840118408203,99.52774642517778,97.23729966313466,99.08263646918132,5400700
2020-08-12,97.57113647460938,98.19242978407038,95.86488979030048,98.03478946521308,4714800
2020-08-13,98.77660369873047,99.21243852578999,97.5525604125201,97.6452966457695,4281700
2020-08-14,98.69318389892578,99.01773960381848,97.79369589194904,98.40572128527563,2985700
2020-08-17,97.97916412353516,98.75809783734184,97.47841798975202,98.75809783734184,3017000
2020-08-18,99.19388580322266,99.22170384055885,97.80292733816809,98.72095794416553,5023000
2020-08-19,100.51071166992188,101.71621247849302,99.54631243802183,99.86160020363548,9508100
2020-08-20,100.15831756591797,100.83524694703586,99.54629224347752,99.74102564385868,4304000
2020-08-21,101.77182006835938,101.79036307300744,99.91720831312732,100.14903478253133,5564000
2020-08-24,103.70061492919922,103.85825522579064,101.9109143552635,102.00364352533009,8173100
2020-08-25,103.40388488769531,104.11790733158585,103.01441102533595,103.85826280653474,4380900
2020-08-26,103.42243957519531,103.94172868395364,103.19988811069652,103.78408835804964,4477900
2020-08-27,102.78258514404297,104.59083593937166,102.46730452601248,103.8489883708087,4390800
2020-08-28,104.35785675048828,104.71101107068108,102.75935608669515,103.16827683988565,3731100
2020-08-31,103.98612213134766,104.57161656064154,103.28910191484987,104.2184622035136,3519800
2020-09-01,106.72771453857422,106.78348096820388,103.93034563634039,104.08833515763828,4912400
2020-09-02,108.54927825927734,109.11618856973374,106.4117468830854,106.93218634562011,6775400
2020-09-03,104.87828063964844,108.64219169323249,104.08832601211171,108.54925710595543,7264400
2020-09-04,104.46006774902344,105.71470235892866,102.42476703466222,104.98050709169127,5157600
2020-09-08,104.75748443603516,105.79836333761962,102.73147888629374,103.42849904665722,5300100
2020-09-09,106.7834701538086,108.00092953885614,104.85969515210967,105.0362687384317,5997900
2020-09-10,106.68124389648438,109.8782448245201,105.94704858612945,107.71283414732254,5032800
2020-09-11,109.66448211669922,110.82618213912188,108.19609158664795,108.51207767978312,8565200
2020-09-14,110.85405731201172,111.45814271727734,109.82246716667683,110.12915766187454,4990300
2020-09-15,110.84479522705078,111.96932738263847,110.76115620696659,111.24442042296168,5934200
2020-09-16,110.21281433105469,111.23511614565605,109.81319628228971,109.95259462932164,7023700
2020-09-17,108.14035034179688,110.175651390446,107.6199109136495,109.05111934105477,7376400
2020-09-18,106.5604248046875,109.58084491243324,106.40242821030625,107.27602891041504,12876600
2020-09-21,105.3615493774414,106.00280297799442,103.84668798743321,104.97121277526708,8486400
2020-09-22,108.61432647705078,108.92100994682333,104.87829459353154,105.11063463786388,13007200
2020-09-23,118.13097381591797,121.16998559495312,116.41165888981853,121.02128456176663,37822700
2020-09-24,115.93767547607422,118.53059107304705,114.59010613237402,117.50829635467568,13485800
2020-09-25,115.45439910888672,115.93766320243566,113.63284721897212,114.9153685922886,9182800
2020-09-28,115.53804016113281,117.27594599258705,115.13841505937401,116.31870628360663,7525000
2020-09-29,117.42465209960938,118.12167220359255,115.20348193548604,115.55663623560699,7796400
2020-09-30,116.67185974121094,118.28894421812062,116.31870548018256,117.19229909229581,8699700
2020-10-01,117.69416046142578,118.70716663994394,116.45810984809219,118.70716663994394,5637200
2020-10-02,117.69416046142578,117.84286147827257,114.859609369263,115.56592501837572,7491100
2020-10-05,118.87445068359375,119.42276972482647,117.51757873350144,118.09378453298646,8270300
2020-10-06,118.6328353881836,121.22575129408379,118.27967396107415,119.73876924606574,5978000
2020-10-07,120.87256622314453,121.1978479140552,119.19042679617515,119.32982513176029,4390500
2020-10-08,120.54731750488281,121.6811238998418,120.36143412058051,121.18856412944537,3595600
2020-10-09,121.72758483886719,121.92275670413565,120.19414630955377,120.80752739364317,4293400
2020-10-12,120.31497192382812,122.06215937246928,120.12908854807198,121.92276102156274,5136500
2020-10-13,120.07330322265625,120.69597269013792,118.92089886500375,119.00454494790112,4245000
2020-10-14,118.64210510253906,120.44506583377722,118.03801966357692,120.38000382469338,3586600
2020-10-15,119.88745880126953,119.98040048820833,117.20160854729922,117.54547435378922,4235800
2020-10-16,118.95809173583984,120.99339260557826,118.53988253076295,120.36142036915862,6010900
2020-10-19,118.42835235595703,120.61234707197895,118.07519808683433,119.98038904000819,5160800
2020-10-20,119.41349792480469,120.72388503723148,118.69788659582474,118.95810631892448,3799200
2020-10-21,120.28707885742188,122.09934251649256,119.37630987009977,119.42278071434197,4916300
2020-10-22,120.83541107177734,121.05844843272949,119.75734989080689,120.44508150920058,2869900
2020-10-23,120.80752563476562,121.37443586830773,119.56217231161897,120.81681413072505,4046300
2020-10-26,119.30195617675781,120.46365634730631,117.73134236768573,119.94321693984622,5422500
2020-10-27,118.94880676269531,120.3428541150621,118.86516775039924,119.68300215148994,2985700
2020-10-28,113.456298828125,117.4711347468832,112.48976333595745,116.43024873444371,8618300
2020-10-29,114.18120574951172,115.4172566364111,112.59200050512239,113.64217507982468,4947000
2020-10-30,111.59756469726562,114.92467562219345,110.40798488042003,114.92467562219345,7791600
2020-11-02,113.744384765625,115.3335897234083,112.54550935737689,113.725800682985,4740400
2020-11-03,115.78898620605469,116.63470740821028,114.48788757267035,115.24996266813365,3490900
2020-11-04,118.34471130371094,119.8223904539626,116.41164769142922,116.47670261457637,5061800
2020-11-05,120.53801727294922,121.19786926642448,119.38561967999455,120.06404866754801,3940000
2020-11-06,119.79450988769531,120.73317265405665,119.28337318309767,120.73317265405665,2954000
2020-11-09,119.84097290039062,126.71824562336494,119.67369490201092,125.51936324467587,7491700
2020-11-10,118.68856811523438,120.9283220917192,117.33170332760726,120.86327426394666,8014700
2020-11-11,118.64210510253906,120.63093500401742,118.19600916732651,119.59934480113934,6058700
2020-11-12,117.69416046142578,118.80938972595767,116.755504791331,117.67557637954731,4780400
2020-11-13,119.21831512451172,119.51571716991164,117.87074578595467,118.87445641781434,3986100
2020-11-16,120.91905975341797,121.11423164077176,118.37261471568713,120.3149812779768,6116200
2020-11-17,122.8707046508789,123.2331545214339,119.989682678122,121.26290147298525,7002900
2020-11-18,122.33168029785156,124.51566812779888,122.23873861108342,123.66996117421456,5572800
2020-11-19,122.5918960571289,122.77776524377113,120.75175282091402,122.60118455314253,4642800
2020-11-20,123.58629608154297,124.09744694771958,122.59188819726215,123.88369810583083,4318100
2020-11-23,124.65508270263672,125.36139131856463,123.68854019567154,124.88742274245769,6118400
2020-11-24,125.1847915649414,126.38367392924532,124.72941423198823,125.46360240647081,7204700
2020-11-25,125.96546936035156,126.20711207680121,124.18109956175164,124.76660099818199,4484500
2020-11-27,124.76656341552734,126.51376452117299,123.920842524526,126.39294319934241,3506800
2020-11-30,125.1847915649414,125.73311057204054,123.31678303423878,124.45060339045882,9652500
2020-12-01,125.87256622314453,126.85768591072122,125.23130532212222,126.80192655948682,3833100
2020-12-02,126.002685546875,126.69041735244247,125.15696417399766,125.6123558780657,4132700
2020-12-03,127.28520202636719,128.20525971335175,125.46364946855499,125.55659117756387,4930900
2020-12-04,127.75543975830078,127.9509900914998,126.31203048663318,127.65300389490652,4344000
2020-12-07,129.20816040039062,129.31059626710373,127.39226477178703,127.57850792687218,4590800
2020-12-08,129.55271911621094,130.78194959427273,128.18380981538888,128.73324634027924,6953600
2020-12-09,129.24537658691406,130.90297868945265,128.76114732584244,130.90297868945265,4341300
2020-12-10,128.11859130859375,129.57130745186947,127.80197660238,128.77044929475102,4511000
2020-12-11,127.96025848388672,128.6400520906006,126.86140020358313,127.94162991386514,4172400
2020-12-14,126.90803527832031,129.44098225488358,126.83353516613393,129.3664821426972,7599000
2020-12-15,129.80418395996094,129.85074831434324,127.81135179363294,127.97896641807414,7637000
2020-12-16,128.82635498046875,130.82850800909833,128.00688224167612,129.50616311227358,6573400
2020-12-17,130.83782958984375,131.06132993016564,129.20817690811973,130.29771442448197,8727000
2020-12-18,127.83922576904297,131.4337733643464,127.73678992269602,131.38720903247247,17970800
2020-12-21,134.11575317382812,137.77548037868848,132.70958673160592,134.8607400412419,16111300
2020-12-22,132.65370178222656,133.60356029731514,131.38722849858885,133.21244542861777,6339400
2020-12-23,132.01112365722656,133.72459718877568,131.9552521459853,132.75611029579946,3388300
2020-12-24,131.86215209960938,132.41157429940978,131.39653717582465,131.39653717582465,1821900
2020-12-28,132.6350860595703,133.09139388866234,131.34067688910548,132.7375219310219,4081500
2020-12-29,131.83421325683594,133.2217366032135,130.77259761437975,133.00755772192613,3232400
2020-12-30,131.843505859375,132.80267133710555,130.98677621953013,132.38362080373244,3052100
2020-12-31,131.74111938476562,132.03910561880957,130.7167606220825,131.95529832262002,2949900
2021-01-04,130.46530151367188,133.1379265100618,128.8077135956289,133.02618348035435,6178500
2021-01-05,131.51756286621094,131.91799901489514,129.06843848627202,129.06843848627202,4163100
2021-01-06,132.5605926513672,133.6966943578483,129.93451730081333,131.53623399488694,6072900
2021-01-07,134.9817657470703,135.62431662579894,133.16587035681988,133.3521134874589,5256900
2021-01-08,136.2855224609375,136.7232017178519,134.9352275311907,135.5405355847358,3950500
2021-01-11,136.9373779296875,136.98394227279593,134.84211037479088,135.95958356218057,4252000
2021-01-12,135.0749053955078,136.75112212637583,134.45098304196495,136.4251859641866,3678800
2021-01-13,133.20309448242188,135.149375419565,132.63504377808175,134.87000365835152,3330100
2021-01-14,131.58277893066406,134.9351978212748,131.2382142282391,133.7804819163772,4104000
2021-01-15,131.0426788330078,132.58852395003737,130.26044909045356,130.89367863172853,6412400
2021-01-19,129.69241333007812,131.50830908972108,128.8915549169224,131.29413015638957,6537800
2021-01-20,132.9796142578125,133.36142187452407,130.3814752371485,130.72603991514026,4654400
2021-01-21,131.8714599609375,133.92016279423936,131.42447361044836,132.61644668471268,4011200
2021-01-22,129.7668914794922,132.12290197577005,129.72963432642632,131.38722240184455,4150500
2021-01-25,128.09068298339844,129.60857814562866,125.47392908680625,129.43165639034254,5998700
2021-01-26,125.80918884277344,128.37007154956277,125.44600968182469,128.28625004361822,5312300
2021-01-27,122.00975799560547,123.72321777715139,121.31133549894297,123.12723114837706,7815900
2021-01-28,125.45530700683594,126.99183082636692,122.45674526362525,123.25760363372703,6244600
2021-01-29,124.40299224853516,125.74396550601644,123.06201899105388,124.73823556290547,7166100
2021-02-01,126.37720489501953,126.69381962297953,124.1329376226267,126.06057595762017,4366800
2021-02-02,129.99041748046875,130.24185360783815,127.34572717822253,127.63440626065467,7132800
2021-02-03,129.0963897705078,130.42804154385718,128.51901764081273,130.09279825254478,4678600
2021-02-04,130.95887756347656,131.3499924527182,129.3664680342252,129.95314747280864,4533700
2021-02-05,135.13079833984375,135.55917043153352,131.57349259100133,131.6200569371873,6151500
2021-02-08,133.5476837158203,135.84782271154438,132.9796329069686,135.16801465198307,6304300
2021-02-09,132.0390625,134.3019582242472,131.95525523117863,133.72460031533737,3436300
2021-02-10,132.6630096435547,132.79338125315545,131.21027915300937,132.65368825108624,4125700
2021-02-11,133.66873168945312,134.42303983363652,132.61645157986467,133.16587380277127,3828700
2021-02-12,132.3463592529297,133.58489644816865,131.67587273807194,133.26828176321845,3637000
2021-02-16,131.964599609375,133.51043049372944,131.3313558681764,133.51043049372944,4873400
2021-02-17,134.08779907226562,134.6185927289528,130.5677511698032,131.58278835550232,6437100
2021-02-18,135.1121063232422,135.39147805974704,131.4989449486063,133.14721119605503,4486800
2021-02-19,132.25331115722656,135.49398813183842,131.7690674959116,135.4287952001763,7486000
2021-02-22,127.27118682861328,132.66301582643837,126.88937916504521,131.80627182691572,8985900
2021-02-23,126.76834869384766,127.42020687379693,122.53124921001351,126.67522000695094,10364100
2021-02-24,126.32135009765625,126.61004334794316,124.73826186082432,125.77192778060189,6360900
2021-02-25,126.21890258789062,129.60857907556846,125.27836544323021,128.13724824235842,5674300
2021-02-26,125.76634216308594,127.6979139970054,124.44130894447781,126.81143557757576,6650200
2021-03-01,128.4443817138672,129.84406628425438,126.43817285830997,126.56880951534633,5717800
2021-03-02,127.85655212402344,129.01361584531332,126.54084491997845,128.36043241582212,5292700
2021-03-03,125.28109741210938,128.2204436058913,125.1784533055647,127.92183739109662,4888400
2021-03-04,123.20957946777344,126.09294093956952,121.47396976871353,125.03850718095707,7181500
2021-03-05,124.43196868896484,124.73988677631807,120.55017325036737,124.60925011436181,5957100
2021-03-08,125.56105041503906,126.55949903289215,123.51750841189114,124.7025788144998,4983000
2021-03-09,126.85810852050781,128.77101411407153,126.39154687516698,126.44753199447484,5977800
2021-03-10,128.38841247558594,128.95761817408632,126.99806807637724,127.37131164594196,4519600
2021-03-11,131.74769592285156,132.69014543676522,129.2935768097069,129.87210876494763,5696500
2021-03-12,131.05714416503906,131.4863870808534,129.33087487269668,130.63724159329792,4143200
2021-03-15,135.2468719482422,135.30285705923745,131.26243210190344,131.29042465740108,5413900
2021-03-16,134.9762725830078,136.37595745972754,134.2204450277121,136.1240244335162,5623000
2021-03-17,135.1348876953125,136.3759288290629,133.6232186637489,133.6232186637489,5134400
2021-03-18,133.59524536132812,136.851850419194,133.0167135399772,134.714990341307,10188400
2021-03-19,128.2951202392578,133.30598751482898,126.4475259602784,130.6372544613006,24980400
2021-03-22,129.02296447753906,129.52684480170203,126.93276313058242,128.4257661267417,7537300
2021-03-23,127.94987487792969,131.23447320253027,127.41800194874229,129.22826360626837,5582600
2021-03-24,124.25469207763672,128.69635350353258,123.9934187136623,127.32466122350156,8157600
2021-03-25,120.0369644165039,120.73680679631988,117.05097311028831,118.55330198849315,18475800
2021-03-26,124.09605407714844,124.28267586133659,121.09139636523189,122.79901345529596,10010500
2021-03-29,124.56260681152344,124.95451680198767,121.92186674970954,124.049386262703,7153900
2021-03-30,124.0587387084961,124.43199656794826,122.44443940156842,123.49887327681503,6026600
2021-03-31,124.00275421142578,125.20647699816226,123.09762347541795,124.18937602292262,6878900
2021-04-01,123.66683197021484,125.68238175062318,123.3682399129313,125.68238175062318,5720600
2021-04-05,126.08357238769531,126.60611897789207,124.19867422138942,124.19867422138942,5508900
2021-04-06,127.9871597290039,128.5003802492525,125.90628509584394,126.3821869593143,4670100
2021-04-07,127.4086685180664,128.994989760286,127.24071313289046,127.8285854576738,6646000
2021-04-08,124.7398910522461,128.12713251252475,124.48795806304842,128.09913995816945,8748400
2021-04-09,126.39154815673828,126.43820716941177,124.57196056912525,124.98253709932133,6056800
2021-04-12,127.50196075439453,127.74456767444012,125.24380419013194,125.73835837528738,5638200
2021-04-13,124.60929870605469,126.89546253927648,124.47866199315635,126.53154496489296,8778200
2021-04-14,123.41484832763672,125.20644285849448,123.00428614962303,124.6092446815419,7354100
2021-04-15,124.7305908203125,125.10384868635757,123.80679361997412,124.10539991281017,6284800
2021-04-16,125.32777404785156,125.75701698243572,124.78656088612806,125.70103186886605,6852500
2021-04-19,123.70413970947266,125.39309029023634,123.31221546662911,125.3184387315199,5613600
2021-04-20,118.6092758178711,121.21268295826872,117.2935688517764,120.53150709344462,13268700
2021-04-21,121.21268463134766,121.6139349670758,118.85189145365442,119.05717255494112,7110900
2021-04-22,120.54086303710938,121.6512820604592,119.42112502557187,121.20338685584419,6442900
2021-04-23,121.48331451416016,121.91254322268739,119.86901532731308,120.30757014225858,7489000
2021-04-26,122.79902648925781,122.89233027209048,120.67150659937178,121.7632591029977,8217800
2021-04-27,123.27489471435547,123.90941159518349,122.62171138458291,123.17225060265345,5833100
2021-04-28,121.9685287475586,123.48018363909358,121.63260385629206,123.41485818658093,8195400
2021-04-29,124.34800720214844,125.15049381852273,122.45376802134605,122.95766258236317,6612500
2021-04-30,123.75080871582031,124.92655319800147,123.21893583348312,123.58285335455544,5643600
2021-05-03,124.13338470458984,125.4584180098817,123.72280819680039,124.45064319212504,5053000
2021-05-04,122.75237274169922,123.72281470708641,121.75392397809736,123.38688975015785,6129500
2021-05-05,123.36822509765625,125.24379761238316,123.2469145248392,123.82544635520338,6234200
2021-05-06,124.56260681152344,124.8891913510794,123.11626316969434,123.73212782827888,5201000
2021-05-07,128.59368896484375,130.04003258187745,125.71034207407651,125.97161539657351,10566700
2021-05-10,127.27800750732422,129.61081566719696,127.18470372392794,128.7710104249752,5669300
2021-05-11,127.94987487792969,129.12561946367668,125.98098395245884,129.12561946367668,8045400
2021-05-12,124.46930694580078,127.66992702517754,124.42264793668504,126.36354596158948,5865100
2021-05-13,124.67459106445312,125.99962429712129,123.62949763887374,124.75856873508074,6284300
2021-05-14,126.83943176269531,127.53927417384679,125.08516980080688,125.35576926825345,4367900
2021-05-17,127.28736114501953,127.90322598073969,126.43821546895076,127.21270956750807,3934200
2021-05-18,126.49417114257812,128.27643976509992,126.39152702718867,127.31532406569377,5664700
2021-05-19,124.06808471679688,125.01053415805846,123.13496138307298,124.55329859873419,5582300
2021-05-20,124.35734558105469,125.23448375697916,123.34957071329029,124.83323333597195,4934800
2021-05-21,123.78812408447266,125.19713495601742,123.5548432902105,124.87987649302,5329700
2021-05-24,125.09451293945312,125.36512668207553,123.92810876205507,124.19872250467748,4313200
2021-05-25,125.33711242675781,126.13025858710648,124.89854339289982,125.91564424234505,4885800
2021-05-26,127.73527526855469,128.69639133390922,125.97167242414997,126.15829427637068,6781500
2021-05-27,127.42729187011719,129.06025734140775,127.3339881004694,128.35108889110285,12882300
2021-05-28,127.59091186523438,128.42306654864174,127.24494997935057,127.38520942510601,4153500
2021-06-01,125.76766967773438,129.07759937453073,125.48717925178667,128.89060100154515,5577900
2021-06-02,125.44973754882812,126.6839521619733,124.85133435468252,125.84243830744953,5226100
2021-06-03,125.44973754882812,125.9359446025269,123.89762435971194,124.54278070139623,5027400
2021-06-04,125.04771423339844,126.16971863971955,123.6825991232167,125.75831369508779,5217100
2021-06-07,125.24403381347656,126.41279115452627,124.77653087705667,125.29078696053003,3765000
2021-06-08,124.68304443359375,125.96399797128986,123.80413659103571,125.93594893521315,4915200
2021-06-09,123.27118682861328,126.13230288761078,122.90653506162457,124.93549635661913,6448100
2021-06-10,122.46709442138672,123.95376495653265,121.72844588328216,122.95330158593322,6584100
2021-06-11,123.3647232055664,123.41147637007599,122.04636100853519,122.95331818518254,5414500
2021-06-14,122.8223876953125,123.46754411260343,121.67233431978384,123.14028630853844,5743600
2021-06-15,121.82193756103516,123.18705273411538,121.39184274787424,122.99069517710835,5168100
2021-06-16,121.92478942871094,122.64474811869013,121.17679596422748,121.83129737918091,7915500
2021-06-17,120.54096221923828,121.43857418534174,119.54985822080748,120.8401709636255,8568100
2021-06-18,120.06414031982422,120.64383955372098,118.44657657964085,118.44657657964085,9784800
2021-06-21,121.62559509277344,122.26139239202345,120.33528211045203,120.84019339356077,6288500
2021-06-22,123.86959838867188,124.0659559380724,121.67234271580786,122.32684410204267,6043800
2021-06-23,124.44932556152344,125.0103206971002,123.61717065008207,124.17816578565883,4566000
2021-06-24,124.91682434082031,126.05753295773518,124.26230863792132,125.19731476542128,11420500
2021-06-25,144.31817626953125,144.54256857000365,140.6996934867672,142.50426241639917,46285400
2021-06-28,142.45753479003906,144.03769743527027,141.66277387130555,143.91614207269515,13133300
2021-06-29,145.8141632080078,146.23491299792843,142.97175162833634,143.29899512402685,10279900
2021-06-30,144.44911193847656,145.243858642541,143.54215478961424,144.7296023828156,10281800
2021-07-01,147.73094177246094,147.92729930168966,143.88806670377343,144.0563751955493,9011500
2021-07-02,149.3578643798828,149.57291176626345,147.39434606249276,147.92730633354927,6396700
2021-07-06,149.70382690429688,150.0123806286488,147.6000631840381,149.5261734629675,6671000
2021-07-07,149.75054931640625,151.00345380624654,147.99273364781618,149.75054931640625,5408300
2021-07-08,150.19003295898438,150.36768639899958,147.12321412194694,147.88991169767593,6081600
2021-07-09,150.53594970703125,151.43356164738606,150.07779168047776,151.18110605993348,5002300
2021-07-12,151.3026580810547,151.87299797046649,150.26480098541575,151.13434960408372,4992200
2021-07-13,151.0876007080078,151.76080610071915,150.54529557126492,150.86320842180928,5747700
2021-07-14,151.0408477783203,152.15350708919388,150.85384945053116,151.34940143934844,4928000
2021-07-15,151.18109130859375,151.65793913431375,149.9655809053425,150.40503477626453,6432500
2021-07-16,149.4607696533203,151.19052282783926,149.26441204375834,151.1157206083425,6603700
2021-07-19,147.609375,148.49764200740796,146.4219277943051,147.8711755073231,7377100
2021-07-20,149.3578643798828,150.00300653902468,146.40324197988883,147.03903921512176,4629200
2021-07-21,150.61077880859375,150.93802237142555,149.61031546988266,150.06847357831955,5393100
2021-07-22,153.0417938232422,153.10725109938238,150.47052701088614,150.638835530203,4851500
2021-07-23,155.54759216308594,155.6317392754388,153.08852192145486,153.6682353185783,4217700
2021-07-26,154.36013793945312,155.70654886936603,153.17269058540055,154.9398513641464,3858800
2021-07-27,153.87391662597656,154.84631641378667,152.01324988408902,154.107668083985,4359000
2021-07-28,154.70611572265625,155.11750642269516,153.4158027380362,153.79915866347562,4093600
2021-07-29,156.1366729736328,156.17406693993408,154.64065751448808,155.11750548689835,3605600
2021-07-30,156.62286376953125,156.95946652996975,155.53826755661657,155.7626598855352,5364400
2021-08-02,157.7822723388672,158.93232579580476,157.1090668355232,158.07212193421194,5532500
2021-08-03,160.10108947753906,160.35354511769086,157.53918191095082,158.2217323647797,5718100
2021-08-04,160.73690795898438,161.13895374851234,159.84865498488142,160.22265173174748,4646200
2021-08-05,162.55081176757812,162.69105697193663,160.0543329935128,160.2693946629431,3824000
2021-08-06,161.56907653808594,163.04638806738913,161.47557020991562,163.02768394834257,4088700
2021-08-09,160.6060333251953,161.81218515350463,160.46577382242023,161.2885839174304,3612800
2021-08-10,161.0735321044922,162.6536949636745,160.28811600458928,160.4096713836228,3747100
2021-08-11,160.1384735107422,161.96173226506173,159.82991983430986,160.82102386142415,4078300
2021-08-12,159.54940795898438,160.18521939684285,158.46479767896915,159.78315943655363,3997100
2021-08-13,160.53118896484375,160.55923800462207,157.81031796986608,159.37177634145294,2966200
2021-08-16,161.1576385498047,161.19503251318474,158.6331251433905,159.60552512892838,3530200
2021-08-17,159.56813049316406,160.54053047460448,158.3713239312099,160.39092608759532,3602900
2021-08-18,157.83834838867188,160.63402124892568,157.6981032063256,158.7172562435303,5487400
2021-08-19,154.82765197753906,156.65091096381045,153.68694342878254,156.10861999727675,7336300
2021-08-20,156.88467407226562,157.09037656458682,154.66871408424203,155.46347501067032,4039100
2021-08-23,158.6892547607422,159.79255523797562,158.18434341887476,158.4367990898085,3796500
2021-08-24,158.9323272705078,159.7644820994377,157.91317408159392,158.5770346666564,3133100
2021-08-25,158.8014373779297,159.59619829366682,158.51158776093843,158.9510417825256,3003800
2021-08-26,156.07119750976562,158.50221878079196,155.4634493255386,158.3713185134019,4069600
2021-08-27,156.94686889648438,157.4057830094685,155.72935244881805,156.65654101931983,3012400
2021-08-30,157.36831665039062,157.72420981923887,156.0009632058942,157.2372003709101,3537100
2021-08-31,154.28707885742188,157.04052076077966,153.78133442270106,156.91877911513436,7545600
2021-09-01,154.11849975585938,156.0477883918668,153.6689602413051,154.45565796442594,4706500
2021-09-02,153.2849578857422,154.93327881735857,152.4607902746329,154.7553465291438,4632100
2021-09-03,152.9290771484375,153.75324482648261,151.92697716772662,152.84479116971107,4254500
2021-09-07,152.32032775878906,153.46291867431418,151.63665099477927,153.3130674055822,5648800
2021-09-08,150.51280212402344,151.80523007833028,149.6137087600409,151.72094409468937,6591700
2021-09-09,152.97593688964844,155.60763775178313,152.8448205784227,154.7741095681468,8414800
2021-09-10,153.21005249023438,155.14871584311854,153.06957585188223,153.828178280192,4252100
2021-09-13,149.39830017089844,152.58256104803965,148.28380457671793,151.30885383906244,8814500
2021-09-14,148.6864776611328,149.2765079595445,147.1037222430795,149.07046608678485,5323900
2021-09-15,147.89044189453125,148.27443037760088,145.79256719028476,147.50645341146162,6827100
2021-09-16,147.60011291503906,148.92063600818082,147.2254847792595,147.59073828001823,5085900
2021-09-17,146.4949951171875,150.7843913180006,146.16721153651068,147.93728860209785,7944800
2021-09-20,144.46266174316406,145.4179455823155,142.65512930174967,143.97565233429842,7041200
2021-09-21,145.18382263183594,146.2233925408347,143.8351898536102,145.2493736274037,5857900
2021-09-22,147.4502716064453,147.97473674131044,145.7270249374305,146.8415062037173,6844800
2021-09-23,149.45449829101562,150.11944011011616,148.22762132876719,148.63970519499506,11981500
2021-09-24,140.09837341308594,142.2149834793538,138.60926380599642,141.45636672063182,26913300
2021-09-27,138.64669799804688,140.39805422345628,137.94428629705772,140.02342607523383,11479300
2021-09-28,136.0805206298828,138.16902010154374,135.79955317897907,137.99107357295145,10692300
2021-09-29,136.75486755371094,138.553039637089,136.4458047172645,136.464539695698,7794900
2021-09-30,136.0150146484375,138.1222500127704,135.25641220377437,136.62378010582964,10133600
2021-10-01,137.72891235351562,138.60927081954205,135.20959291496084,136.00566538928828,8112300
2021-10-04,137.8038330078125,138.2533725711986,136.5113906861467,137.72890736548064,7951000
2021-10-05,139.97662353515625,141.41890274548953,138.44068370610094,138.60925567107583,10881900
2021-10-06,139.35850524902344,139.97663106840565,138.15034893926685,138.60926313073634,7610700
2021-10-07,142.21498107910156,143.9101325983788,140.72585720654007,140.7633271718372,7958000
2021-10-08,142.80494689941406,143.17020033389778,141.10979597807673,142.56144937329142,6333700
2021-10-11,140.7445831298828,143.84455804556924,140.53854120582477,142.3460882140424,5551200
2021-10-12,143.61981201171875,143.85394928967028,141.69988347439502,142.74881390662424,7408600
2021-10-13,146.3826141357422,146.72913269885078,143.44185079558304,144.5282510844581,8456300
2021-10-14,147.1693115234375,148.4055630817022,146.33578347240285,148.1433162103641,6024500
2021-10-15,147.98406982421875,148.2837722978455,146.6260769307737,147.78740258017663,5532100
2021-10-18,149.31398010253906,149.35145006023106,146.05479402281958,147.3285010629148,5765300
2021-10-19,147.80616760253906,149.78227224097859,146.85088363692026,149.54813499483893,6198200
2021-10-20,148.3961944580078,148.72399234250864,147.33790374666822,148.44302476873713,4487000
2021-10-21,151.88949584960938,152.03934710543268,148.23696080518013,148.39617240551658,6121700
2021-10-22,153.10704040527344,154.17470579048538,151.98318436146164,151.98318436146164,5323000
2021-10-25,153.80006408691406,154.27769888932724,152.339050064848,152.87287551570952,3878200
2021-10-26,153.3973388671875,154.95201347928375,152.7698528156889,154.3619973867236,4711200
2021-10-27,152.04873657226562,153.65022736696395,151.40251547276839,153.26623884543608,4163900
2021-10-28,154.02484130859375,154.1559575854611,152.47952701986893,152.66683394530764,3762000
2021-10-29,156.67527770996094,156.99371523445342,152.65748874197942,152.71367939612404,6740600
2021-11-01,155.77618408203125,158.08946106515728,155.36410026940277,157.15291214212982,3610800
2021-11-02,157.18099975585938,157.49006260016927,155.57013454402696,156.17888559789077,5038000
2021-11-03,161.55467224121094,161.90119073331573,157.94895355031164,158.2767513551574,7176700
2021-11-04,164.3081817626953,164.48612838401027,161.08645046686118,161.28313207215814,5460100
2021-11-05,166.24679565429688,167.73591931595635,164.3643374469572,164.57973969979247,5892200
2021-11-08,160.94595336914062,165.33835622969502,159.55049019715742,165.1604239215878,8301100
2021-11-09,162.7909393310547,162.89394599276838,160.10303422630096,160.3840017590358,4343000
2021-11-10,157.583740234375,161.24565050134737,156.91879840222063,160.36529209541493,8185200
2021-11-11,156.37557983398438,158.83870815349846,156.0571566196921,158.83870815349846,4994900
2021-11-12,158.36106872558594,158.91362921193095,156.7782986116453,156.87195922891902,5126300
2021-11-15,158.13632202148438,159.55050602475464,157.82725910210638,158.93238018599868,3856700
2021-11-16,160.9272003173828,162.95950972959807,158.51090242376134,158.51090242376134,4401000
2021-11-17,160.84292602539062,161.77947499989145,159.44746290876722,160.71180974058464,3940200
2021-11-18,160.4776611328125,162.4537799006955,159.5504725690979,161.39547506145988,4044200
2021-11-19,163.78372192382812,165.95650854722996,159.70972735536628,161.2269324238885,6145600
2021-11-22,163.18429565429688,166.4715773536248,163.17492101872708,163.87733273751874,5906400
2021-11-23,161.2269287109375,162.42571046671193,159.59734235356598,162.06983151117643,5302100
2021-11-24,161.11456298828125,161.4891769642584,157.03120777145864,157.79918500000113,4637600
2021-11-26,157.35899353027344,158.91365427171007,156.9094396451921,157.3964492087272,4751100
2021-11-29,159.09156799316406,160.2903495242237,158.49217722763424,159.05411232245729,5448700
2021-11-30,158.5015411376953,160.66496681234298,156.90003622924326,158.08008269979595,11033700
2021-12-01,156.12274169921875,162.36952286495463,156.1040067146988,160.04688495569323,6618200
2021-12-02,159.21334838867188,159.7284532562857,156.40370106416592,156.6659336712047,4398900
2021-12-03,159.7246856689453,161.44165264384677,156.45962667587534,160.08120423858927,4878500
2021-12-06,158.47682189941406,160.6347590618019,157.67931871452438,160.27822620508104,5636900
2021-12-07,160.7097930908203,162.64256351888028,159.87476697506568,160.54091816048887,5898700
2021-12-08,159.73403930664062,161.17891066111406,159.34936065125592,160.6441257272884,5614400
2021-12-09,157.71682739257812,160.59719259840566,157.61362128522552,158.83331160593767,5171600
2021-12-10,158.61753845214844,159.72465992759194,156.99440070343368,158.09213069415668,4791100
2021-12-13,156.53466796875,158.92716311252718,155.05225926914017,158.38298667978776,5972300
2021-12-14,155.18359375,156.7598312254276,154.06710950375182,156.01861980089205,4872200
2021-12-15,153.77627563476562,155.43695089414712,151.82476495530008,154.80833694088733,7144600
2021-12-16,152.6691436767578,155.6902524852324,152.49087726938086,152.6503750243268,7138100
2021-12-17,151.3931427001953,152.8004909475386,150.6331769372358,151.64646939327739,7705100
2021-12-20,147.28372192382812,149.74190061000056,145.86699611732897,149.49795101731323,8411900
2021-12-21,156.337646484375,160.6159833108452,154.53624225829748,156.3939381295199,13862900
2021-12-22,155.22116088867188,158.5612657342425,153.9545415009654,156.90998196685067,5811300
2021-12-23,155.43692016601562,156.8348912377101,155.22113077786366,155.98109653654865,3876900
2021-12-27,157.2289581298828,157.33216424738043,155.2586647290328,156.2344342610626,3769300
2021-12-28,156.140625,157.85759190779885,156.02804169991137,157.43539021617704,2658600
2021-12-29,158.35479736328125,159.31179802119954,156.30945845509586,156.75042864471095,3830900
2021-12-30,157.14453125,159.61207243517475,156.87243586904845,157.91387428256638,2666800
2021-12-31,156.3751678466797,157.36031457531718,155.94358902753933,157.21019397896922,2752000
2022-01-03,154.49871826171875,157.53859620804144,153.22272170210928,157.1820633363553,5670500
2022-01-04,156.11245727539062,156.85365442414744,154.8083150725822,155.63396400084793,6064200
2022-01-05,152.22817993164062,156.69416021059433,152.08745082308795,156.20628975675325,5021000
2022-01-06,151.0928955078125,153.11010317163414,149.23519990399174,152.07804210490806,4144600
2022-01-07,147.27430725097656,151.18673374516877,147.1711011379567,150.8395924178688,5108000
2022-01-10,141.14767456054688,141.98270076481796,139.5902054508266,141.22273486519126,10439000
2022-01-11,141.01634216308594,141.5229813943363,138.48311737425146,141.185217134739,8175400
2022-01-12,142.808349609375,143.98114002483888,141.4291469354863,142.7332893048306,6351200
2022-01-13,140.3501739501953,144.112494840131,139.81538895459582,143.73719330995726,4990900
2022-01-14,139.0272216796875,139.6464582836618,137.77938562115864,139.2242567141467,6030500
2022-01-18,137.87319946289062,139.63708033109174,137.26335434549864,138.91463763052008,6931000
2022-01-19,136.1468963623047,139.8904485784025,136.06245888703597,138.6332063538137,4823800
2022-01-20,133.91387939453125,138.27666776307743,133.69808999467926,136.4752636368931,5366500
2022-01-21,134.12030029296875,137.31967577338816,134.02648565563,135.40568823947558,7553400
2022-01-24,136.98191833496094,137.27276806273716,130.9396999205386,132.11249031724205,9733200
2022-01-25,136.4940185546875,138.82084475433678,133.70746773236468,136.01552527916374,8195400
2022-01-26,135.09605407714844,139.76844623247428,133.91387239133212,138.65194766977515,7444600
2022-01-27,135.70590209960938,138.24851760951836,134.71137827826425,136.0342890895042,6396400
2022-01-28,136.8974609375,137.01004421798504,131.92482751596398,135.21801731673426,6130200
2022-01-31,138.92404174804688,139.0272335412281,136.250074385838,137.23522100961424,6932200
2022-02-01,139.06480407714844,140.4346153305732,137.7325158196396,140.2657403745167,6695000
2022-02-02,139.5244903564453,140.22816437327646,138.41736912549635,139.18672625571497,5491700
2022-02-03,136.33453369140625,139.28997403634668,136.01553814421817,138.29543576924277,5240200
2022-02-04,136.40963745117188,137.43230755158424,134.76773039744265,136.3908687905671,4313400
2022-02-07,136.17501831054688,137.0944818402636,135.31184642113917,136.32513889556222,3877500
2022-02-08,134.66445922851562,136.51277770773078,133.51043769356718,135.79972642820644,5829400
2022-02-09,137.22581481933594,138.2578758034085,136.672261344372,137.08508573800103,4551000
2022-02-10,135.87478637695312,138.42676464537004,134.964700049217,135.06790615802066,5142600
2022-02-11,131.52139282226562,136.0999708840538,130.9396933956998,135.81849833961317,6710500
2022-02-14,132.8442840576172,134.36422984565817,131.1554633577306,131.4275586929745,6841200
2022-02-15,136.58782958984375,137.28212649137245,135.19925010307196,135.31183337283343,7820200
2022-02-16,137.441650390625,137.87322921771755,135.6777691417555,136.0624478083772,4817500
2022-02-17,133.9795684814453,137.83570361075476,133.8294478851797,136.55031569012627,5202300
2022-02-18,134.12030029296875,135.04915539523873,133.0507160765465,134.51435612888343,5177400
2022-02-22,129.65432739257812,132.89122605332204,127.7497169165121,132.84431157377435,9604500
2022-02-23,128.37832641601562,132.26260753780224,128.07808521032746,131.0335255241297,7636600
2022-02-24,128.69732666015625,128.93188474205846,122.8427517820127,124.7848995719819,8417200
2022-02-25,130.2266845703125,130.6207405347562,127.77789697132498,129.59807046158375,5424500
2022-02-28,128.11563110351562,129.83259803333175,126.69889108321557,128.59412445131764,6613300
2022-03-01,124.05308532714844,128.30327682549796,123.04916981764535,128.2751309996511,6534000
2022-03-02,127.29937744140625,128.1719411020579,124.56913177438602,124.76615258027107,7743900
2022-03-03,125.69499969482422,128.35019918761785,125.20711482304156,128.29390753246807,4576500
2022-03-04,123.35813903808594,125.65265174753688,122.90676395803241,124.60883701000648,7084500
2022-03-07,117.02005004882812,123.21710635027479,116.76614525248537,123.18889630056528,11383400
2022-03-08,113.98263549804688,117.98862736655981,113.59708621411352,117.77233837229608,9089400
2022-03-09,119.38038635253906,121.9193913669562,119.07946718657496,119.78474715441071,8845100
2022-03-10,118.5152359008789,119.05124834989766,116.60627941006614,116.62508371771665,7167400
2022-03-11,115.31796264648438,120.24552336785774,115.20512245443093,119.43680184391013,5882000
2022-03-14,110.5596694946289,115.1486878230549,109.78856380881803,114.28354625838467,13884900
2022-03-15,112.28057098388672,113.23974857200695,110.72895363813808,112.69433034813527,10431300
2022-03-16,117.72532653808594,118.59046818471398,114.65970781040666,115.52484945703472,11100400
2022-03-17,119.8129653930664,119.8129653930664,116.32417414245596,117.49024219809844,6845300
2022-03-18,123.41458892822266,123.62147218851175,119.14528639202811,119.28634381263234,10350900
2022-03-21,122.42716979980469,124.42075607616628,120.95077722230572,121.98519331793901,14388500
2022-03-22,125.15423583984375,130.7118435676561,125.06020715168479,129.09440090221204,19731200
2022-03-23,125.06961822509766,127.32650785198386,123.37694383045586,124.7310833461693,8068800
2022-03-24,124.2044906616211,126.18867863460163,123.37695767605017,125.77491214181617,5853800
2022-03-25,125.72787475585938,125.88773645355377,123.8565415571777,125.11663800885408,6287000
2022-03-28,126.7717056274414,126.81872715605735,124.28912101545318,125.7843109223306,5804100
2022-03-29,130.84352111816406,131.41714932064173,128.78410159863023,129.6304460533602,7275900
2022-03-30,130.27928161621094,131.52058098290124,129.35772000542715,130.69304807177437,5545800
2022-03-31,126.5365982055664,130.43915506167508,126.48017811710893,129.61162216708735,7206500
2022-04-01,125.55863189697266,127.2136835398229,124.83454052555739,126.43317207304261,5807500
2022-04-04,126.32974243164062,127.14787693890631,124.93799400111604,125.11666721935748,5307300
2022-04-05,124.41138458251953,126.64946317349997,124.14808121887478,126.04762486388951,5707800
2022-04-06,120.706298828125,122.53062504584231,118.79734247015209,122.2955317569397,6961000
2022-04-07,121.66548156738281,122.22969684257774,119.51201903919926,119.83174963784963,5320500
2022-04-08,120.50879669189453,122.18265951844589,120.25489913343608,121.72188592228787,4877400
2022-04-11,117.52784729003906,119.30515208823537,116.90719752585458,117.6406874839066,6365400
2022-04-12,117.58426666259766,120.46181355462319,116.9260011130198,117.73472264498692,5146800
2022-04-13,119.88817596435547,120.23611662740986,117.58426451902895,117.58426451902895,5119300
2022-04-14,125.50218963623047,126.36733109326265,121.20467804481625,121.38335121455344,12811300
2022-04-18,123.78131866455078,125.43637019396819,122.54001925577141,124.12925212809269,5298200
2022-04-19,128.87814331054688,129.28249687828006,124.86274593507189,125.1542593162666,7346100
2022-04-20,127.76852416992188,130.38276096972885,127.57105379921578,129.73391540273576,5309700
2022-04-21,127.38299560546875,130.84356306164335,127.02564909787844,130.2887461622502,6562400
2022-04-22,121.37397766113281,126.8845509221111,121.03544273001559,126.32033560288673,7321700
2022-04-25,120.31135559082031,121.25172883839721,117.4055985250789,120.17970391011784,6512500
2022-04-26,113.33377075195312,119.98220874521525,113.29616213887277,119.38037049323933,7977900
2022-04-27,114.01084899902344,116.6062811363972,113.86979157888211,113.86979157888211,6007800
2022-04-28,119.47441101074219,120.33955258276501,115.28974620839925,115.82575861437836,6551600
2022-04-29,117.26453399658203,120.79093346128853,116.84136893060848,118.69390526398412,5867900
2022-05-02,118.56224822998047,118.65628410989147,115.47782545224187,117.01063110077675,5428400
2022-05-03,115.53426361083984,118.26134760154676,113.0516786857149,117.56546619754258,8201200
2022-05-04,118.54344177246094,118.6750934448105,112.92001412644981,115.23333130777806,6924000
2022-05-05,111.55646514892578,117.31155145860482,109.5722772116196,116.70971321145278,8411600
2022-05-06,107.66332244873047,108.98925206494205,104.06169865273078,106.95804256976123,11237500
2022-05-09,104.57888793945312,107.60689036366887,103.99585405499364,106.23394654653248,7506000
2022-05-10,102.96146392822266,106.67594252692244,101.88943900973169,106.29038605518666,7526900
2022-05-11,101.48506927490234,104.5224777255902,101.17474441154383,104.09930550069828,6611800
2022-05-12,101.4662857055664,103.328220917292,98.73920156089349,98.90846905054848,10245400
2022-05-13,106.27157592773438,106.36561181158832,102.19035256327479,103.68554966212142,9618800
2022-05-16,105.88603210449219,106.67594940691826,104.90804301192982,106.24337855002163,5722500
2022-05-17,108.98924255371094,110.11768739179385,106.3279849874339,108.61309188285752,6026100
2022-05-18,102.84861755371094,106.60070454306397,102.29379364530266,105.79198303214886,8188300
2022-05-19,100.09333038330078,102.6041252228083,99.94286722051696,102.45366206002448,7702000
2022-05-20,101.56031036376953,103.14954344214682,98.80501647155108,102.19035871544772,7621900
2022-05-23,102.15275573730469,102.26560312356395,99.5103088857614,101.06192636804928,7136400
2022-05-24,100.89263153076172,101.5508898359999,98.4852786722022,100.72336408448942,6023400
2022-05-25,101.74837493896484,102.39723472729357,97.29100808632604,97.29100808632604,7158800
2022-05-26,106.20574188232422,106.73234853078428,103.44104262895392,103.44104262895392,6520300
2022-05-27,109.0738754272461,109.09268690722371,107.21194068020242,107.40941817310235,5043000
2022-05-31,111.76336669921875,112.64731990835507,107.62572269141505,110.49386416288144,13774600
2022-06-01,111.6034927368164,113.550064992567,110.59729369011399,112.68492336211744,5543100
2022-06-02,116.05145263671875,116.21131434862421,112.14890267130848,112.38399595627924,5838100
2022-06-03,114.0199203491211,115.51882179830608,113.12435541234119,113.32232217124245,5201500
2022-06-06,113.34119415283203,115.14175329057399,112.58702881406086,114.53842389645853,3963400
2022-06-07,114.69867706298828,114.98149085167347,111.6726011699717,111.86114609317963,5373600
2022-06-08,115.3868408203125,116.72547726347125,113.54856577951459,113.97278641612301,4365800
2022-06-09,111.80457305908203,115.03804459910383,111.795144015361,114.39700627888148,3892600
2022-06-10,108.15632629394531,110.38109892038473,107.71325470066057,110.38109892038473,6292600
2022-06-13,104.11212921142578,105.6015945938973,102.98088121360452,104.06499118108812,6423100
2022-06-14,104.3760757446289,105.47903651193857,103.7067574877422,104.04613113803025,4548400
2022-06-15,106.94022369384766,108.14688230491885,104.83799297544047,105.73356508277647,4828700
2022-06-16,100.98234558105469,103.60305870883533,99.66255997355461,103.2354051228375,7384800
2022-06-17,101.18973541259766,102.33041235875912,99.78510997246289,100.0679237461357,10256800
2022-06-21,102.45296478271484,103.5276456530866,101.84963542363784,102.24556896698464,6211400
2022-06-22,98.90840148925781,100.77495667792947,98.61616584761485,99.36090211423239,9884000
2022-06-23,101.81192016601562,101.90618902401508,98.42761997574146,98.99324031599099,8898400
2022-06-24,106.44060516357422,106.46888510440287,103.32968221185867,103.6313469011202,10463700
2022-06-27,104.1686782836914,106.72340247174145,103.54649087062056,105.80897943921465,12644700
2022-06-28,96.8910140991211,107.51528103655292,96.60820751181718,102.00046268096202,31296500
2022-06-29,97.33409118652344,99.55887098902427,95.71264076853943,97.08898637648424,10326600
2022-06-30,96.34423065185547,97.45662032862512,95.00559429961208,96.09913308353066,9027400
2022-07-01,95.3826904296875,96.62705810985106,93.82722903141976,95.81633294935402,7934300
2022-07-05,98.34278106689453,98.399340947901,94.37400212261447,94.69451770465565,9948800
2022-07-06,98.25794219970703,99.66256773228613,97.52262777821419,98.88012247358128,6432900
2022-07-07,101.9344711303711,102.07587801650446,99.23834001917281,99.5965717563444,7633900
2022-07-08,101.74594116210938,102.38697952813366,100.40730454819949,100.47329347445552,5938600
2022-07-11,99.08750915527344,100.95405699696956,98.86126245766694,100.49213455828253,4935200
2022-07-12,97.81485748291016,99.79453218637433,97.23980812344998,98.99323613881174,6017400
2022-07-13,99.08750915527344,99.81338727321018,95.74091075502893,96.09914248451315,5299400
2022-07-14,97.30580139160156,97.85257083852977,96.01429573777173,97.20210348986508,6951300
2022-07-15,98.70100402832031,99.56829627908235,97.9751258622812,98.75757110066014,7862000
2022-07-18,97.98455047607422,100.56755463886716,97.73944568635937,100.10563219045507,6834800
2022-07-19,102.93374633789062,103.30139994489139,99.3891809246939,99.54943871394995,8973900
2022-07-20,104.74372863769531,105.23393102249113,102.63207597724312,102.96202058164926,5884600
2022-07-21,105.2245101928711,105.2716410269565,103.76331768341593,104.04613145694049,4291400
2022-07-22,102.86776733398438,105.51676080714061,102.51896458938833,105.51676080714061,6039300
2022-07-25,103.0185775756836,103.32967127638251,101.5102542890032,103.32967127638251,5079500
2022-07-26,99.17235565185547,101.74593808244984,98.57845533352754,101.32172459682323,8459500
2022-07-27,101.67993927001953,102.17014163223361,99.69083549933347,100.20932499112467,7437000
2022-07-28,105.79955291748047,105.95981068931714,101.8401962991606,103.15998183860054,6773500
2022-07-29,108.33543395996094,108.60881871050934,105.11139121998215,106.29919908975197,7560000
2022-08-01,107.75096893310547,108.92934782698347,106.76112778534636,107.46815512167316,4802900
2022-08-02,105.36592102050781,107.26075624192633,105.27165215012337,107.06278945644287,6334400
2022-08-03,107.73209381103516,108.50510995551754,106.12950164562747,106.92136868483988,5986500
2022-08-04,107.920654296875,108.74080139268897,107.30789584203721,108.07148305324439,4332000
2022-08-05,107.34559631347656,107.7509589029269,106.12007950102114,106.32747531779852,4162200
2022-08-08,107.4681396484375,108.95761208198638,106.81767229114969,107.4681396484375,6071600
2022-08-09,103.80101776123047,105.34704995476132,102.58493014700454,104.94168741668601,7377600
2022-08-10,106.65740966796875,107.30787699572178,105.45075105992161,106.75167852317507,6951800
2022-08-11,107.56242370605469,110.06058839282223,107.21362815744546,108.2977309831005,5582100
2022-08-12,109.41954040527344,109.4761002855528,107.25132055935498,107.8357990271708,4407900
2022-08-15,109.65522003173828,109.90032484201917,108.26944537797254,108.83506577748312,4279000
2022-08-16,111.29551696777344,111.68202866078356,109.17443515889734,109.29699115534119,6189800
2022-08-17,110.3339614868164,111.22010462041469,109.74006117793324,110.07942764568561,5108400
2022-08-18,109.36297607421875,109.99458535247815,108.6936578132233,109.35354703047147,4750200
2022-08-19,106.67628479003906,109.02361346312047,106.5537287856719,108.8822065616027,5967600
2022-08-22,104.0178451538086,105.28107090875356,103.5464936556842,104.65888347894789,5802900
2022-08-23,104.33836364746094,106.36517644499631,104.23466574673219,104.48919238072371,4806700
2022-08-24,105.02655029296875,105.98810423974514,103.71618643609415,104.33837390161389,4769000
2022-08-25,106.73284149169922,106.84596125573796,105.00769316757287,105.4884737414982,5433700
2022-08-26,102.07588195800781,107.21361773755248,102.02875112231213,106.81767700263983,6203600
2022-08-29,101.69880676269531,102.3209942543937,100.34131920379177,100.69011474405862,4132400
2022-08-30,101.67993927001953,103.77274093906382,100.99176296202872,102.72634010454168,5129500
2022-08-31,100.3507308959961,101.82135245827088,99.74740155484601,101.77421443164071,8884800
2022-09-01,100.38844299316406,100.44501006532573,97.85257674981031,99.73798279745789,5590800
2022-09-02,99.96773529052734,102.24617876518434,99.31540674775688,101.59384300950194,7763800
2022-09-06,99.40995025634766,100.6011699222336,98.02019518163277,99.68412026270542,9158900
2022-09-07,102.55816650390625,102.633793885906,99.26813375436599,99.34376834927772,7238300
2022-09-08,102.79451751708984,102.85123985588719,100.28917750180415,101.15895369028533,5628300
2022-09-09,104.9122314453125,105.59292833525019,103.33339723348632,103.40902461121485,5171500
2022-09-12,106.24525451660156,107.17176019936768,105.29984379304533,105.29984379304533,4836900
2022-09-13,99.94883728027344,102.96470023201687,99.68412339352086,102.89851454741627,5955600
2022-09-14,101.1589584350586,101.49930690963008,99.40994984862367,100.33644841935879,4888700
2022-09-15,99.74083709716797,102.23672097450965,99.10741360689143,100.35535554556226,6598900
2022-09-16,98.4361801147461,99.54230907608061,97.61367008013428,98.38890668716947,8000800
2022-09-19,101.35749816894531,101.50876736983857,97.68930660223367,98.02965509133102,5162300
2022-09-20,96.82896423339844,98.73869792746463,96.15772348759462,98.15254068428277,10006600
2022-09-21,94.34254455566406,97.97291856385452,94.32363230044174,97.0653250618069,6279300
2022-09-22,93.17024230957031,94.73962057249884,92.489545342358,94.3425497459291,9638800
2022-09-23,91.7237548828125,92.21537255005173,90.13546441149958,91.62921524308562,9026500
2022-09-26,90.816162109375,92.39500367881307,90.48526976113789,90.84452328023643,8521600
2022-09-27,91.03360748291016,92.40445026806597,89.81402667617891,91.77102675839602,9890300
2022-09-28,93.31204223632812,94.00219528780765,91.47795020558952,91.80884254003371,9423300
2022-09-29,90.12600708007812,92.75424776877072,89.322409398076,92.75424776877072,19339200
2022-09-30,78.58253479003906,81.49439407188962,77.99637759810844,78.75270899331501,48176100
2022-10-03,80.73808288574219,81.74967214223955,77.7316762858762,78.59199635381863,19108200
2022-10-04,83.80119323730469,84.20772007523632,82.35471620391618,82.91250498394011,15114800
2022-10-05,86.12691497802734,86.69415996631626,82.3925455266232,82.71398170858609,12732700
2022-10-06,85.2476806640625,87.5828462355182,84.90733223672177,85.55021179804191,9951900
2022-10-07,82.40202331542969,83.91467941948736,81.95767900703797,83.7066878527582,8554700
2022-10-10,81.95765686035156,82.98815107334066,80.4260889115914,82.96924603279803,7991200
2022-10-11,83.18669891357422,83.43250775490385,81.06898062303688,81.34315063588294,11903200
2022-10-12,83.67831420898438,84.02811159825742,82.54381689030674,83.19615266822358,8772900
2022-10-13,84.6709976196289,84.9073503438578,81.35261056475231,81.6740468075055,9335000
2022-10-14,82.7707290649414,85.91894195181582,82.71399950486895,85.56914452711473,7811700
2022-10-17,85.05862426757812,85.73932130518017,83.85794832266532,84.64264114172951,8451900
2022-10-18,84.78445434570312,87.83813489008865,84.28338769590762,87.54505259059623,7364700
2022-10-19,83.73503875732422,84.84116772153556,82.9692582763952,83.44196370174149,5102000
2022-10-20,82.09001922607422,85.63530962807995,81.88202770175732,84.58590309205331,13500000
2022-10-21,83.66886901855469,83.93358293031,81.97658255364678,82.26965763981686,7976300
2022-10-24,83.20561218261719,83.99029771813458,81.53223091365648,82.9976206384153,8847100
2022-10-25,86.71308135986328,86.91161676604537,83.09215619670806,83.22451313416279,8639900
2022-10-26,87.34651184082031,89.19951632583896,85.74876512326978,85.8243997258206,8648200
2022-10-27,85.59748840332031,88.37699825906681,85.29495725808277,87.80974605044891,8617900
2022-10-28,88.70789337158203,88.75515958185085,85.52185651266772,86.22145845568656,6022400
2022-10-31,87.62065887451172,88.76460488950897,87.62065887451172,87.92318999242082,6426400
2022-11-01,88.65116119384766,91.19431837185937,87.8948369357566,90.46635528167141,7250700
2022-11-02,85.37059783935547,89.28459796121896,85.26660207467067,88.04610491258512,7176600
2022-11-03,85.46514129638672,86.60908754613706,83.87685079819775,85.0586143470612,6550300
2022-11-04,90.5609130859375,92.86771804380078,88.82135323870422,89.2940586997147,12543300
2022-11-07,88.33917999267578,91.5819390510765,87.6112096989816,91.05250414305036,9094500
2022-11-08,88.63226318359375,90.78779867015282,87.86648273781935,89.28459894875685,7017800
2022-11-09,87.07231903076172,88.77406107827153,86.93996211738994,87.61120281032136,6550900
2022-11-10,94.05892181396484,94.23855218047831,90.97688768976772,91.07142733054398,9361000
2022-11-11,100.29863739013672,101.35750017864704,94.67344550603613,94.83416362548755,12597500
2022-11-14,98.69143676757812,100.62953186997125,98.62525829745755,99.45721723796075,7134900
2022-11-15,100.88478088378906,103.34284740623606,99.76919590345159,102.09490549712226,7242900
2022-11-16,99.48558044433594,100.78078860827566,99.05068513427746,99.50448548642409,5998700
2022-11-17,99.60848236083984,99.64629965834973,97.30167770312099,98.426718862076,5252900
2022-11-18,99.66521453857422,101.83966247610364,98.48345092315883,101.75457174507913,5498900
2022-11-21,98.16201782226562,99.7219472871002,97.94457013639123,98.89943718780958,4774800
2022-11-22,100.18519592285156,100.36482630502417,98.171466055502,98.90889262883076,5313200
2022-11-23,100.82805633544922,101.14004360911382,99.48557482277985,100.21353791508574,3873100
2022-11-25,100.17571258544922,101.32911474376391,99.79754687917885,100.63896178885219,3426100
2022-11-28,99.23031616210938,100.49717037792517,98.9372411238371,99.50448615816588,6967400
2022-11-29,100.44989776611328,100.98878163502442,99.38158615593142,99.61793885655756,8494400
2022-11-30,103.70211791992188,103.70211791992188,99.69357074290734,101.23459503687401,16251000
2022-12-01,105.0445785522461,105.7536365441587,103.56974023719935,104.08025564401485,7822900
2022-12-02,106.40066528320312,106.88430670982285,102.7401782590864,103.03416006960653,5892000
2022-12-05,103.95403289794922,105.38597975715727,103.54625817846022,105.28166478926117,6220100
2022-12-06,102.35139465332031,104.81700633839725,101.23238532704781,103.98249372907873,7086100
2022-12-07,102.730712890625,103.47988076530979,101.52635175263183,101.77291507171768,5751500
2022-12-08,105.60411071777344,105.7273887733384,102.854002235894,102.98676544498005,6192800
2022-12-09,103.76436614990234,105.62305803491478,103.61263989145806,104.52301914727734,5677700
2022-12-12,106.27739715576172,106.37222697264471,104.03937874907695,104.40922009945652,6426000
2022-12-13,107.01708221435547,110.43100634271883,105.49978340564412,109.63442718128967,8655300
2022-12-14,105.6894302368164,108.2214302303793,104.5324950094619,107.82313346287636,7528500
2022-12-15,102.90141296386719,103.95404063824996,102.16173021647425,103.54626588839851,7500700
2022-12-16,100.47372436523438,102.04792686826544,99.68663034877032,101.34617751916859,14083600
2022-12-19,97.72361755371094,100.05646571085987,97.15462419851032,99.56333910102614,10620300
2022-12-20,97.8753433227539,98.05552503334164,96.42442619131867,97.67619854344427,17147900
2022-12-21,109.7956314086914,113.01989568801649,109.37837155046965,110.7249809378987,32777300
2022-12-22,110.67757415771484,110.7818891333389,108.16454406004311,108.3826591640893,17147600
2022-12-23,110.24134826660156,111.1137941895894,109.79564015256061,110.10858507114914,6603700
2022-12-27,111.4836196899414,112.09053913566358,109.83355789907492,110.44996249599446,6661100
2022-12-28,109.03700256347656,112.12849690180366,109.01803225695437,111.5026142525606,5437800
2022-12-29,111.28449249267578,111.96727878566175,109.81461216726863,110.08013856230727,4588600
2022-12-30,110.96207427978516,111.18966730858948,109.78616128835031,110.53532921134364,4355500
2023-01-03,112.61212921142578,113.31387855922362,111.36984193281516,112.42246957203766,8124800
2023-01-04,114.94497680664062,115.91225977278427,113.35181124627296,113.7595859800293,8550700
2023-01-05,114.38548278808594,116.01657458757458,113.87339305154053,114.06305270134911,6046700
2023-01-06,118.09337615966797,118.88047741566066,115.47603115308037,115.69414625156747,10080700
2023-01-09,118.39683532714844,120.06586765110079,118.11234586736037,118.53908367456822,9397900
2023-01-10,119.33566284179688,119.80034125902954,117.94164929525337,118.73822846470681,5899900
2023-01-11,121.3271255493164,121.63057807984886,119.49688180327989,119.79085641633112,6989200
2023-01-12,121.27970886230469,121.82025403910157,119.92362143160318,121.71593906481287,8366400
2023-01-13,122.1900863647461,122.55043531917167,120.11327942040298,120.11327942040298,4856500
2023-01-17,121.51679229736328,122.37976035203081,121.22281766711703,121.3840290943455,6172200
2023-01-18,119.89517211914062,121.94352374054297,119.48739737836793,121.19436309207953,6828800
2023-01-19,118.09337615966797,118.95634416600849,117.2209302358226,118.33993948077261,5273500
2023-01-20,120.07534790039062,120.09431096958156,117.62869957684288,118.23561908166928,5673200
2023-01-23,121.65902709960938,122.09525729835566,119.99948714808134,120.34088029098184,5581600
2023-01-24,120.27449798583984,121.39349999370552,114.22425850504538,120.25552768076157,5486200
2023-01-25,120.2650146484375,120.44519637414282,118.37787442755348,119.35463533733187,5933700
2023-01-26,120.93831634521484,122.32285924114461,119.49688423808405,121.82025467244145,5838800
2023-01-27,120.93831634521484,121.93404756494682,120.15121507514492,120.50209337549036,5730000
2023-01-30,119.83827209472656,120.96675922754045,119.68653859801637,119.9615501345151,6494600
2023-01-31,120.74864196777344,121.24176132358228,119.49686965758859,119.88567405129447,7686900
2023-02-01,122.80651092529297,123.48929731738951,119.69604601467776,121.2892118512188,6387900
2023-02-02,122.38923645019531,124.52294005489217,121.25126408837772,123.70739054273723,5214500
2023-02-03,121.01417541503906,122.73061896185219,119.90465137323338,120.23655934705758,4930200
2023-02-06,119.23135375976562,119.58222481304581,117.89422943819646,119.03220173459673,4666400
2023-02-07,118.85202026367188,119.42100637842945,116.87952831313133,117.55282939301708,5288900
2023-02-08,116.55711364746094,117.68560080400552,115.50448600581534,117.00281452455415,5877800
2023-02-09,115.86483764648438,118.55804204805915,115.21998476743741,118.264067447408,5929000
2023-02-10,115.91226959228516,116.30107405412447,114.30961874372171,115.2294832607066,5195500
2023-02-13,118.68132781982422,119.22186573283929,116.13036451425329,116.47175764195242,5689800
2023-02-14,119.67706298828125,119.82879649709008,117.344214553235,117.54335935725764,4845900
2023-02-15,120.89090728759766,120.90987035834873,118.44425876275746,118.44425876275746,5687900
2023-02-16,117.95111846923828,120.63484486105342,117.69507725090848,118.94684959229508,4722200
2023-02-17,118.38733673095703,118.43475525306276,117.05970493260463,117.31574614084383,5161500
2023-02-21,114.84066772460938,117.5907760303951,114.72687482985182,116.90798972164258,5110300
2023-02-22,113.70268249511719,115.12515139897174,113.45611919263479,114.84065472418042,5022000
2023-02-23,113.75959014892578,114.51824319977962,112.42247300973423,114.51824319977962,4101900
2023-02-24,111.9388198852539,112.60263580953183,111.27499672592502,111.8724382928261,4693000
2023-02-27,112.40349578857422,113.62681995940903,112.20435100286407,113.09576719751531,4239800
2023-02-28,112.65007019042969,114.17685426623511,111.75865390801978,112.60265165985606,8414100
2023-03-01,112.45092010498047,113.59837758747395,111.73968559008398,111.85347848203438,4120500
2023-03-02,113.39923858642578,113.75959482110298,111.47416489200594,111.47416489200594,4443200
2023-03-03,115.01596069335938,115.11106091112629,113.1900031360998,114.24563224137995,3871800
2023-03-06,114.28367614746094,116.01452626713349,114.08396350930815,115.19665131716586,5183800
2023-03-07,113.7320785522461,115.09203266227443,113.3897192308796,114.31219929359477,5345700
2023-03-08,113.98886108398438,114.16004437847191,112.9142148359514,113.42775746373245,4175200
2023-03-09,112.09634399414062,115.89089869551451,111.79201893235067,114.19809008582777,5635900
2023-03-10,111.73494720458984,113.16147221824437,110.9265844813219,113.00931332307556,5979600
2023-03-13,111.13581085205078,112.49576500748755,110.11822328509331,110.146752624853,6038200
2023-03-14,113.17098236083984,113.63697849191136,111.48768606780443,113.17098236083984,6050800
2023-03-15,112.38163757324219,112.8191043685054,110.1372376631569,110.62225819394754,6599200
2023-03-16,114.74015808105469,114.89231696919283,110.89805001779219,111.13580417574892,5658700
2023-03-17,114.49288177490234,115.76724772375267,112.85713214940992,115.23467352235113,12868900
2023-03-20,115.26321411132812,116.67072193402693,113.94130155936591,115.06350148718433,7594100
2023-03-21,119.45720672607422,119.8851613332796,116.9465232509246,117.45056093451184,15078800
2023-03-22,113.64649963378906,119.12435804940195,113.4848285304854,117.60273272719888,17625500
2023-03-23,115.04448699951172,117.23182097319878,113.61796200357963,114.56897866753435,7628100
2023-03-24,114.7972183227539,115.07301402042675,113.47530576694068,114.34073439643285,6158800
2023-03-27,112.03927612304688,115.13959262480377,111.84907568359156,115.09203888709911,6564200
2023-03-28,112.09634399414062,112.63842323719403,111.12630287140391,112.17241981782676,4461400
2023-03-29,114.58799743652344,114.66408051208441,112.68596408158751,112.828618034344,5644000
2023-03-30,114.21710205078125,115.49146817754553,113.4943273409102,115.10154785521986,4578900
2023-03-31,116.63268280029297,116.69925367637893,114.69260793991188,114.99693298140218,5659400
2023-04-03,115.7101821899414,116.83238201200835,114.90181957153195,116.49952766980216,4838400
2023-04-04,117.63126373291016,117.87852286298588,115.4153929715138,115.43441011394962,5895300
2023-04-05,114.97792053222656,117.28889140448071,114.65457108112845,116.97505415197767,4331400
2023-04-06,114.33122253417969,114.58799383652926,112.07731046734614,113.65600158507253,4256900
2023-04-10,115.93844604492188,115.93844604492188,113.29461360019542,113.456291948863,3731200
2023-04-11,117.26034545898438,118.00213721935881,116.06206255455149,116.06206255455149,4471000
2023-04-12,117.60270690917969,118.74392383637341,117.18425731655786,118.64882363505397,4524900
2023-04-13,120.2370376586914,120.4652796274837,118.3635336613047,118.53471695181926,5355300
2023-04-14,119.78056335449219,121.24513010080264,119.34309649609021,120.77913389923917,4828700
2023-04-17,120.0087890625,120.28458475174736,119.00070651594875,119.85662292125417,3917900
2023-04-18,120.02781677246094,121.0454043506923,118.89610457824492,120.99785786912656,3857700
2023-04-19,119.5142593383789,119.90417964328056,118.80099685879104,119.82809657076103,3547400
2023-04-20,118.35401916503906,119.20993560099315,117.65026887577959,118.68688079701322,3891600
2023-04-21,119.38111877441406,119.523772722884,117.56468074798595,118.30647257321216,3651400
2023-04-24,120.86470031738281,120.90274185335689,119.01973298456713,119.36209955265274,3790900
2023-04-25,118.55372619628906,120.5603644346329,117.97360552233813,120.33212249501169,4383300
2023-04-26,117.77389526367188,118.85806089053678,117.2508404737462,118.1257740266874,4003200
2023-04-27,119.54277801513672,119.83759808093578,117.10817795709316,118.34450238038869,4252100
2023-04-28,120.51283264160156,120.8456870223643,118.83904128389007,119.01973677159611,4421400
2023-05-01,121.65403747558594,122.37680484221575,120.6459622366629,120.70302090884931,4112600
2023-05-02,121.0263900756836,121.33071513650229,119.0387613537101,120.921777655807,3831600
2023-05-03,120.5318374633789,122.09151130581154,117.61221689792082,119.34306675666664,4560100
2023-05-04,117.61223602294922,119.05778550055452,116.80387326207243,118.82003132055065,6177100
2023-05-05,120.38919067382812,120.8076403092481,119.08630254556667,119.76152347637917,4887800
2023-05-08,120.66498565673828,121.43531404975735,119.80907650666528,121.02637661454607,3892600
2023-05-09,118.97217559814453,119.50474982975011,118.08772986702337,119.13384667931012,4082100
2023-05-10,117.46006774902344,120.26556394695683,116.18570167292486,120.10389285881692,5052600
2023-05-11,116.2332534790039,117.79292016905896,115.92892844815611,117.40299986870467,5923100
2023-05-12,114.32172393798828,115.26322849953085,113.19952387008668,115.0635158504571,6574200
2023-05-15,113.96033477783203,114.1124936793817,112.22948464557435,113.95082257908463,5518200
2023-05-16,110.7744140625,112.06778993177241,110.43204751438415,111.74444777837448,8306400
2023-05-17,111.24993133544922,111.3925780289504,109.60466933215015,110.67931553871948,7765400
2023-05-18,113.0473403930664,113.31362386729411,111.12628289068567,111.67787423340334,5970500
2023-05-19,109.13867950439453,109.83291763845179,107.55998828548003,108.94847180927621,11674300
2023-05-22,104.78302764892578,107.32224067474056,104.630861483521,107.32224067474056,12710300
2023-05-23,103.45159912109375,105.6199161128135,102.89050273099166,104.39310365577589,11790400
2023-05-24,102.98560333251953,103.75592456776188,101.94899131611308,103.66082434518708,8503200
2023-05-25,102.21526336669922,103.63227601374243,102.15819743906594,103.04264313273572,6729800
2023-05-26,102.2437973022461,103.13774797766982,101.75877680178712,101.75877680178712,7911200
2023-05-30,101.30229187011719,103.54669177790718,101.0645377040859,103.09020784230863,9335200
2023-05-31,100.1040267944336,100.96944827831138,99.69508929493381,100.52246923749975,21465200
2023-06-01,98.5538558959961,99.47634323612736,97.859617783062,99.07691797205447,12025200
2023-06-02,102.83797454833984,103.44862811754605,101.26363035790689,102.69485102565234,11838200
2023-06-05,100.37627410888672,102.93338868158555,100.35719436949586,102.93338868158555,7434000
2023-06-06,101.32087707519531,101.85519709113085,100.37626625901238,100.65296977571164,7896300
2023-06-07,102.17961883544922,103.27688955720491,100.58619477910388,101.17776865611472,11123900
2023-06-08,101.33043670654297,102.58991080609712,100.82473982044738,102.24642448764229,9137600
2023-06-09,101.00599670410156,101.40673667598543,100.51937972134914,101.05370696342449,5795200
2023-06-12,101.93153381347656,101.95061355197646,99.80378263229699,101.41629351920575,7964600
2023-06-13,101.88382720947266,102.55173455400437,101.41629716399578,102.2273207513313,8460500
2023-06-14,107.68504333496094,108.20028364751634,102.55173450771336,102.55173450771336,17415500
2023-06-15,107.25567626953125,107.64687278517978,105.10884534928825,106.70226921855091,10374200
2023-06-16,108.38156127929688,109.49791887431516,107.87586450116294,108.77276506891106,14445500
2023-06-20,104.51728057861328,107.64688209265422,103.9638734797837,106.30153838501967,10602400
2023-06-21,104.93709564208984,105.29966890003236,103.72532481341861,104.12606482686523,8377800
2023-06-22,105.39509582519531,106.14887296519261,104.74627545656254,105.73858938974004,6002900
2023-06-23,104.49818420410156,105.23288152667186,102.37998381744023,102.80934708835002,14329200
2023-06-26,106.61639404296875,107.06484434102812,104.64130985331921,104.64130985331921,6887100
2023-06-27,108.40066528320312,108.94452890258717,107.27477128242639,107.37018454766532,7138600
2023-06-28,107.84725952148438,108.53424668722411,106.97898933336069,108.1430428313468,6766000
2023-06-29,108.1716537475586,109.03038026945029,107.44649995082196,108.39110349264139,12465500
2023-06-30,105.3092041015625,107.10299779136741,104.76534061776884,106.4732572945728,19629600
2023-07-03,104.10698699951172,106.19657140443334,104.10698699951172,105.96757086720604,5734200
2023-07-05,102.18916320800781,103.9161745824045,101.65484310785347,103.6394710220916,10405300
2023-07-06,100.2808609008789,101.22546451182268,98.91643022748687,100.46215118322063,9923500
2023-07-07,99.67020416259766,100.63389476191831,99.25992062265438,99.99461795861923,7463100
2023-07-10,100.9296875,101.43538434049084,99.46984347984638,99.68930053417753,5374600
2023-07-11,102.46585083007812,102.68530785397161,100.77701375931767,100.8056370060072,5454900
2023-07-12,102.81889343261719,104.08790354189333,102.30365312557886,103.55358349588232,8305000
2023-07-13,102.89522552490234,104.12607622629353,102.74256576573747,104.06882972655234,6692300
2023-07-14,103.00016021728516,103.65852394145679,102.27501377743958,102.99062398908232,6933600
2023-07-17,103.72532653808594,104.09744331098284,101.86474267360147,102.3418162059887,6682900
2023-07-18,104.68901824951172,105.28058477717964,103.34366737936797,103.60129116621292,5717200
2023-07-19,104.84168243408203,105.19471948747243,103.60129555162848,104.0783691093948,5027100
2023-07-20,102.59942626953125,104.97525027339333,102.55172328702585,104.54588703302493,6458000
2023-07-21,104.05928039550781,104.27873743151409,102.58035675826127,103.04788679897852,6631600
2023-07-24,103.7825698852539,105.48095772388213,103.53449689722186,105.34737772122973,6787600
2023-07-25,103.33414459228516,103.85892118414195,102.4658671467621,103.31505757174321,7692800
2023-07-26,104.28828430175781,104.56498056365542,103.00017985160628,103.33413717101736,5148900
2023-07-27,102.7330322265625,105.17565412635206,102.47541567315938,104.79399377205064,6544600
2023-07-28,103.63946533203125,103.96387186658127,102.69485441882148,103.15284825064121,5988300
2023-07-31,105.32830047607422,105.76720727973346,104.04974682361883,104.39324037075473,6406000
2023-08-01,104.38370513916016,105.46188885455014,104.13562482887411,104.95619200326487,4566700
2023-08-02,102.58035278320312,103.54403607556364,102.52309900931834,103.31504281871766,6213200
2023-08-03,103.65853881835938,104.08790209514112,101.75978815590622,102.0937381800214,5084300
2023-08-04,103.82074737548828,105.25196807723833,103.27688380000586,103.72533411795126,5621400
2023-08-07,105.41417694091797,105.85308374223838,104.17378277402975,104.83214661579278,4887300
2023-08-08,104.66040802001953,104.85123454695818,102.42769980109729,104.60315423828563,5851900
2023-08-09,104.66040802001953,104.97527106151178,103.33414400296935,104.75582128348886,4328600
2023-08-10,104.03065490722656,106.81676263211232,103.54403785843122,105.25196200418665,7276500
2023-08-11,103.13375854492188,104.50773272502859,102.91430878422221,103.90662266101431,5104300
2023-08-14,102.70439910888672,103.33413972493067,102.1605355221056,102.97155914736655,5305200
2023-08-15,101.66437530517578,101.92199181635043,100.7579312023485,101.20638149917527,6197600
2023-08-16,101.6452865600586,103.41045718985733,101.20637977986182,101.20637977986182,5953100
2023-08-17,100.23316192626953,102.88568986254009,99.97553811688203,102.50402954317369,5692800
2023-08-18,100.00415802001953,100.23315857171437,99.00230790472293,99.06909791240936,5836100
2023-08-21,98.14356231689453,100.64343011102063,97.92410530094702,100.63388660261491,6697600
2023-08-22,96.8077621459961,97.676039485523,96.11123885211789,96.33068860460271,9814700
2023-08-23,94.22203063964844,94.64185771322515,92.12290983089494,92.53319339473626,20909100
2023-08-24,93.15337371826172,94.64184806392716,93.0865837160537,94.17431076890675,10310000
2023-08-25,94.30789947509766,94.54643625921666,93.32512908925776,93.98349294288698,7290600
2023-08-28,95.06168365478516,95.47196724515912,94.33653701843177,95.02351689294042,6006600
2023-08-29,97.10355377197266,97.47567786349552,95.14755645160413,95.44333974327175,8641600
2023-08-30,97.41841125488281,98.09585477922604,96.85546799589665,96.97950449036033,4822100
2023-08-31,97.04629516601562,98.17218897137266,96.95088191733743,97.91457247198508,7046200
2023-09-01,97.99407958984375,98.56848656401546,97.18990398281858,97.62071469143308,6359400
2023-09-05,96.04108428955078,97.61113333356172,95.95492653537018,97.17075443623968,6698700
2023-09-06,95.90706634521484,96.03151888235072,94.8061153339992,95.50498217540849,6096000
2023-09-07,93.7530288696289,94.5476289450524,93.4753972539756,94.0689552568186,9927100
2023-09-08,93.50411987304688,93.94449880559915,93.13075496710078,93.91577955190809,6435000
2023-09-11,92.6616439819336,94.1838226491575,92.46060192988402,94.13595966761052,7584700
2023-09-12,92.19255065917969,93.02543816045463,92.07766635032293,92.85311534915972,6307700
2023-09-13,92.0298080444336,93.0541695271733,91.57986087678499,92.1925626624995,7140700
2023-09-14,93.04458618164062,93.51368431230289,91.80960729138346,92.59463178317714,7075300
2023-09-15,92.15426635742188,93.96365242955736,92.0298065160278,93.96365242955736,10467300
2023-09-18,91.43624114990234,92.25956039855033,91.21604806080714,91.90533927399895,6946300
2023-09-19,90.58421325683594,91.41710081697254,90.38317118011396,90.98629741027987,9386600
2023-09-20,90.02894592285156,91.33093890681982,89.82790385526566,89.96193190032292,10274200
2023-09-21,87.68344116210938,89.50240260619232,87.57813967221293,89.43538858317783,7958600
2023-09-22,86.97500610351562,88.39188340857348,86.6878062782068,87.6738728893304,9289400
2023-09-25,86.73565673828125,86.97499354346634,85.96020782675504,86.16124986663296,8291700
2023-09-26,86.32400512695312,86.8313980322472,85.95064026064314,86.16125783732679,8060500
2023-09-27,85.60600280761719,86.83140631173278,85.40496072997145,86.69737825996894,7631000
2023-09-28,85.80703735351562,85.95064091179516,84.87841659179945,85.2996444443776,16315600
2023-09-29,91.54154968261719,95.22733525544132,90.5842024011574,95.13160198809136,34935400
2023-10-02,90.52676391601562,92.26913581697174,89.73217115919165,92.09681300021869,12776300
2023-10-03,91.03416442871094,91.9532243972518,90.16298205767295,90.29701011475572,10964300
2023-10-04,91.80004119873047,92.1542623646088,91.06288691771782,91.50326584330708,8045400
2023-10-05,91.70430755615234,92.12554274590622,91.2160583411177,91.70430755615234,7430000
2023-10-06,92.96800994873047,93.54241694863494,91.0054447864105,91.70431162734813,8532900
2023-10-09,92.74781799316406,92.99673037438409,91.82876532094556,92.65208470930448,5964200
2023-10-10,93.45626068115234,94.64336947381804,93.08289576003989,93.10203949528454,8499000
2023-10-11,94.44233703613281,94.7295369180375,93.82963518995756,94.11683507186225,7642900
2023-10-12,95.01673889160156,95.78261980929786,94.31787200640507,95.29437054166692,10705200
2023-10-13,95.64859008789062,96.54849175102059,95.20820382025357,95.34223188293213,8774700
2023-10-16,97.6877212524414,98.20468968088908,95.35179145811799,95.46667576576648,10845400
2023-10-17,98.61637115478516,99.17162717140864,97.62072884665935,97.62072884665935,9253800
2023-10-18,99.34393310546875,99.4683929377836,98.53976482273015,98.57805959390544,8757300
2023-10-19,98.65464782714844,99.89919500591698,98.46317397381281,99.34393178721467,8391100
2023-10-20,98.29084777832031,99.3439283715264,98.19511450693437,98.9131249982995,7823500
2023-10-23,98.42488098144531,99.3343653672652,97.42923883805324,97.77388447630359,5966100
2023-10-24,100.69379425048828,101.14374867221906,99.23862949678718,99.23862949678718,9252200
2023-10-25,99.12374114990234,100.55976211194732,99.07587086290872,100.00449892033465,7054700
2023-10-26,95.7538833618164,98.25256065041636,95.6868693362363,97.82175724368436,11222600
2023-10-27,93.8009033203125,96.0602365093198,93.63814870806907,95.52412429199411,9602700
2023-10-30,97.45796966552734,97.69730651902424,94.77739398476969,94.77739398476969,8206700
2023-10-31,98.38658905029297,98.53976814015098,97.07502778729346,97.07502778729346,6558500
2023-11-01,96.57720184326172,98.29085454374938,95.7060195185111,98.17597753177137,7272400
2023-11-02,100.59806823730469,101.04802269151118,97.54412764265469,97.69730673514249,8135100
2023-11-03,102.49360656738281,103.05844531084554,101.52669098752578,101.89048035682023,7568000
2023-11-06,102.6755142211914,103.01058436857616,101.83305109291237,102.39788258364933,5231900
2023-11-07,104.69551086425781,104.69551086425781,102.65636355864822,102.74252131759835,7745800
2023-11-08,104.72422790527344,105.9783506189308,104.25512974049775,104.70508417168251,8639700
2023-11-09,102.43617248535156,105.21248142472272,102.3595829398837,105.13589187925486,9154200
2023-11-10,101.58414459228516,103.23078347361381,101.10547083859574,102.76167793613126,8897700
2023-11-13,99.7555923461914,101.21076442881056,99.73644861267465,100.87569431241165,7055600
2023-11-14,101.2394790649414,102.53189648582543,100.88525792719614,101.0575807369127,9674800
2023-11-15,103.22119903564453,104.40830779711926,102.16811832930495,102.2638516109756,11140800
2023-11-16,103.0201644897461,103.39352942836331,102.43618193365624,102.5319152223306,5386800
2023-11-17,101.44052124023438,103.59455271213511,101.01928608178893,103.4509491532123,6352600
2023-11-20,101.78516387939453,102.00535697049212,100.61719901352957,101.47881303785456,6197400
2023-11-21,102.00535583496094,102.14895208409975,100.85653471398965,101.64155919319563,5803500
2023-11-22,103.31692504882812,103.42223384245159,102.26384441657422,102.91484091170985,6280300
2023-11-24,103.04887390136719,103.39351955085519,102.8191125697022,102.91484584923086,2443600
2023-11-27,103.355224609375,103.60413697892766,102.34043870086342,103.0680247712583,5785000
2023-11-28,104.11153411865234,105.21248513564586,103.5371271153457,103.93921128726222,7287400
2023-11-29,105.66241455078125,107.366491421648,105.45179699523959,106.07407414461825,9601800
2023-11-30,105.56670379638672,105.88263021891107,104.31258093022129,105.81561618722242,8690900
2023-12-01,109.00553131103516,109.07277094533376,105.4226005242284,105.9797331104571,8051800
2023-12-04,110.60970306396484,110.77299830269077,108.54447486411033,108.62132226888907,10086600
2023-12-05,110.85944366455078,111.46460043439707,110.08137658495271,110.13901579772704,6960000
2023-12-06,111.5318374633789,112.52122387140702,111.0131285319856,111.42617412576706,6317000
2023-12-07,110.28309631347656,111.42617754899267,109.62030765458776,109.62030765458776,7294500
2023-12-08,111.33972930908203,111.70474345796504,109.9565054546685,109.98532139687357,6122200
2023-12-11,113.93325805664062,114.71131775138491,112.7997846683539,113.14559060570039,7972800
2023-12-12,114.92265319824219,115.2588514050838,113.9044508207872,114.96107689739141,7378400
2023-12-13,116.3923110961914,116.65166920259128,114.4999862764761,114.64407329907931,8182900
2023-12-14,116.24824523925781,117.75634071613817,115.09556350570058,116.65169044171739,9590500
2023-12-15,116.75733947753906,117.24722512353915,115.84479316580334,116.16178316867693,13633300
2023-12-18,116.36349487304688,117.03589120545836,116.09453634008229,116.62285297881301,6874800
2023-12-19,117.80435180664062,118.47674814686157,116.84378141857046,116.93983699166338,7697300
2023-12-20,116.6420669555664,118.5247841084063,116.22902137983408,116.35389289675008,9176600
2023-12-21,117.69869232177734,118.43833564874804,116.51719480986208,117.47776522930505,16533300
2023-12-22,103.78003692626953,106.43121353851829,103.21329652463464,103.99136360726656,46666200
2023-12-26,103.76081848144531,104.40440626318517,103.24211687910433,104.02978436784386,12846700
2023-12-27,102.90592193603516,104.30835408076885,102.63696335054811,104.06821143964517,10157900
2023-12-28,104.52928161621094,105.08641426559761,102.59853285737582,102.98276252345529,9352900
2023-12-29,104.28913116455078,105.62432347433396,103.82805413414292,104.66375304550746,7667500
